timestamp,shift,target_x,target_y,conf,class,aimed,method
1760262671.5460255,False,,,,,False,none
1760262671.7912583,False,,,,,False,none
1760262671.8925173,False,,,,,False,none
1760262671.982656,False,,,,,False,none
1760262672.058856,False,,,,,False,none
1760262672.1350477,False,,,,,False,none
1760262672.2214155,False,,,,,False,none
1760262672.30377,False,,,,,False,none
1760262672.3781347,False,,,,,False,none
1760262672.4632728,False,,,,,False,none
1760262672.5401497,False,,,,,False,none
1760262672.6202524,False,,,,,False,none
1760262672.687718,False,,,,,False,none
1760262672.7624943,False,,,,,False,none
1760262672.8391786,False,,,,,False,none
1760262672.9146142,False,,,,,False,none
1760262672.991533,False,,,,,False,none
1760262673.0703285,False,,,,,False,none
1760262673.137715,False,,,,,False,none
1760262673.238846,False,,,,,False,none
1760262673.3403392,False,,,,,False,none
1760262673.4292526,False,,,,,False,none
1760262673.5171638,False,,,,,False,none
1760262673.611341,False,,,,,False,none
1760262673.6967993,False,,,,,False,none
1760262673.7790408,False,,,,,False,none
1760262673.862366,False,,,,,False,none
1760262673.9443862,False,,,,,False,none
1760262674.0235858,False,,,,,False,none
1760262674.10646,False,,,,,False,none
1760262674.191636,False,,,,,False,none
1760262674.2673178,False,,,,,False,none
1760262674.3492818,False,,,,,False,none
1760262674.4172072,False,,,,,False,none
1760262674.4902732,False,,,,,False,none
1760262674.5800188,False,,,,,False,none
1760262674.6760306,False,,,,,False,none
1760262674.7730885,False,,,,,False,none
1760262674.846425,False,,,,,False,none
1760262674.9301322,False,,,,,False,none
1760262675.014959,False,,,,,False,none
1760262675.0963576,False,,,,,False,none
1760262675.17265,False,,,,,False,none
1760262675.2467968,False,,,,,False,none
1760262675.318184,False,,,,,False,none
1760262675.396582,False,,,,,False,none
1760262675.4753225,False,,,,,False,none
1760262675.5538304,False,,,,,False,none
1760262675.632993,False,,,,,False,none
1760262675.707818,False,,,,,False,none
1760262675.7821372,False,,,,,False,none
1760262675.8571723,False,,,,,False,none
1760262675.9314163,False,,,,,False,none
1760262676.0256388,False,,,,,False,none
1760262676.136756,False,,,,,False,none
1760262676.2305605,False,,,,,False,none
1760262676.3078911,False,,,,,False,none
1760262676.3876173,False,,,,,False,none
1760262676.4822578,False,,,,,False,none
1760262676.5851882,False,,,,,False,none
1760262676.6896524,False,,,,,False,none
1760262676.784801,False,,,,,False,none
1760262676.8713331,False,,,,,False,none
1760262676.954468,False,,,,,False,none
1760262677.0303674,False,,,,,False,none
1760262677.1054711,False,,,,,False,none
1760262677.178965,False,,,,,False,none
1760262677.255407,False,,,,,False,none
1760262677.3274143,False,,,,,False,none
1760262677.42442,False,,,,,False,none
1760262677.5172577,False,,,,,False,none
1760262677.6048012,False,,,,,False,none
1760262677.6832893,False,,,,,False,none
1760262677.7576387,False,,,,,False,none
1760262677.839053,False,,,,,False,none
1760262677.919231,False,,,,,False,none
1760262677.9911108,False,,,,,False,none
1760262678.0727134,False,,,,,False,none
1760262678.153041,False,,,,,False,none
1760262678.2332106,False,,,,,False,none
1760262678.3120072,False,,,,,False,none
1760262678.3853939,False,,,,,False,none
1760262678.4527073,False,,,,,False,none
1760262678.5648112,False,,,,,False,none
1760262678.688171,False,,,,,False,none
1760262678.7857342,False,,,,,False,none
1760262678.8855617,False,,,,,False,none
1760262678.970514,False,,,,,False,none
1760262679.0536196,False,,,,,False,none
1760262679.1365511,False,,,,,False,none
1760262679.237407,False,,,,,False,none
1760262679.3514094,False,,,,,False,none
1760262679.4439504,False,,,,,False,none
1760262679.5290098,False,,,,,False,none
1760262679.5988758,False,,,,,False,none
1760262679.6708055,False,,,,,False,none
1760262679.743239,False,,,,,False,none
1760262679.8216565,False,,,,,False,none
1760262679.9004064,False,,,,,False,none
1760262679.9868634,False,,,,,False,none
1760262680.0666187,False,,,,,False,none
1760262680.137247,False,,,,,False,none
1760262680.2137053,False,,,,,False,none
1760262680.2973359,False,,,,,False,none
1760262680.3855653,False,,,,,False,none
1760262680.4740863,False,,,,,False,none
1760262680.5655098,False,,,,,False,none
1760262680.6513243,False,,,,,False,none
1760262680.7375789,False,,,,,False,none
1760262680.819305,False,,,,,False,none
1760262680.8989885,False,,,,,False,none
1760262681.0123365,False,,,,,False,none
1760262681.1166022,False,,,,,False,none
1760262681.2112248,False,,,,,False,none
1760262681.2930775,False,,,,,False,none
1760262681.376162,False,,,,,False,none
1760262681.4623313,False,,,,,False,none
1760262681.5512638,False,,,,,False,none
1760262681.64005,False,,,,,False,none
1760262681.7313218,False,,,,,False,none
1760262681.8271098,False,,,,,False,none
1760262681.9205148,False,,,,,False,none
1760262682.003121,False,,,,,False,none
1760262682.0993865,False,,,,,False,none
1760262682.1965113,False,,,,,False,none
1760262682.2861176,False,,,,,False,none
1760262682.363472,False,,,,,False,none
1760262682.4488401,False,,,,,False,none
1760262682.5213084,False,,,,,False,none
1760262682.5995064,False,,,,,False,none
1760262682.6789556,False,,,,,False,none
1760262682.7609413,False,,,,,False,none
1760262682.835403,False,,,,,False,none
1760262682.9083076,False,,,,,False,none
1760262682.9832761,False,,,,,False,none
1760262683.0700886,False,,,,,False,none
1760262683.1602082,False,,,,,False,none
1760262683.2489326,False,,,,,False,none
1760262683.33054,False,,,,,False,none
1760262683.4126596,False,,,,,False,none
1760262683.491074,False,,,,,False,none
1760262683.5671928,False,,,,,False,none
1760262683.6412823,False,,,,,False,none
1760262683.7175004,False,,,,,False,none
1760262683.7976637,False,,,,,False,none
1760262683.8716617,False,,,,,False,none
1760262683.935353,False,,,,,False,none
1760262684.0069387,False,,,,,False,none
1760262684.0849774,False,,,,,False,none
1760262684.1699786,False,,,,,False,none
1760262684.2550483,False,,,,,False,none
1760262684.3419309,False,,,,,False,none
1760262684.4289672,False,,,,,False,none
1760262684.51129,False,,,,,False,none
1760262684.5924482,False,,,,,False,none
1760262684.660993,False,,,,,False,none
1760262684.742327,False,,,,,False,none
1760262684.8178754,False,,,,,False,none
1760262684.8970122,False,,,,,False,none
1760262684.9799519,False,,,,,False,none
1760262685.0591936,False,,,,,False,none
1760262685.1445572,False,,,,,False,none
1760262685.229028,False,,,,,False,none
1760262685.3170183,False,,,,,False,none
1760262685.3970847,False,,,,,False,none
1760262685.4742312,False,,,,,False,none
1760262685.5551207,False,,,,,False,none
1760262685.6247032,False,,,,,False,none
1760262685.704202,False,,,,,False,none
1760262685.7740538,False,,,,,False,none
1760262685.8492084,False,,,,,False,none
1760262685.9204025,False,,,,,False,none
1760262686.0048401,False,,,,,False,none
1760262686.0913477,False,,,,,False,none
1760262686.1701427,False,,,,,False,none
1760262686.2479134,False,,,,,False,none
1760262686.3249087,False,,,,,False,none
1760262686.4118352,False,,,,,False,none
1760262686.4983108,False,,,,,False,none
1760262686.5906239,False,,,,,False,none
1760262686.6593604,False,,,,,False,none
1760262686.7316253,False,,,,,False,none
1760262686.8013544,False,,,,,False,none
1760262686.8732154,False,,,,,False,none
1760262686.9405966,False,,,,,False,none
1760262687.0271466,False,,,,,False,none
1760262687.1362376,False,,,,,False,none
1760262687.2276115,False,,,,,False,none
1760262687.3092384,False,,,,,False,none
1760262687.3931355,False,,,,,False,none
1760262687.4752817,False,,,,,False,none
1760262687.5563223,False,,,,,False,none
1760262687.6347213,False,,,,,False,none
1760262687.7165446,False,,,,,False,none
1760262687.800558,False,,,,,False,none
1760262687.886065,False,,,,,False,none
1760262687.9788592,False,,,,,False,none
1760262688.0806906,False,,,,,False,none
1760262688.2075295,False,,,,,False,none
1760262688.3250477,False,,,,,False,none
1760262688.4305105,False,,,,,False,none
1760262688.508979,False,,,,,False,none
1760262688.5877635,False,,,,,False,none
1760262688.666183,False,,,,,False,none
1760262688.7498012,False,,,,,False,none
1760262688.8314488,False,,,,,False,none
1760262688.9175549,False,,,,,False,none
1760262688.9931114,False,,,,,False,none
1760262689.0752325,False,,,,,False,none
1760262689.1673136,False,,,,,False,none
1760262689.2628477,False,,,,,False,none
1760262689.346483,False,,,,,False,none
1760262689.4321697,False,,,,,False,none
1760262689.5126963,False,,,,,False,none
1760262689.5931792,False,,,,,False,none
1760262689.678986,False,,,,,False,none
1760262689.7858875,False,,,,,False,none
1760262689.8788393,False,,,,,False,none
1760262689.9567924,False,,,,,False,none
1760262690.037139,False,,,,,False,none
1760262690.1342137,False,,,,,False,none
1760262690.2246304,False,,,,,False,none
1760262690.3036604,False,,,,,False,none
1760262690.375031,False,,,,,False,none
1760262690.4474268,False,,,,,False,none
1760262690.5209277,False,,,,,False,none
1760262690.5971267,False,,,,,False,none
1760262690.6781235,False,,,,,False,none
1760262690.7869353,False,,,,,False,none
1760262690.8949747,False,,,,,False,none
1760262691.0805433,False,,,,,False,none
1760262691.1732543,False,,,,,False,none
1760262691.2477865,False,,,,,False,none
1760262691.3313596,False,,,,,False,none
1760262691.4044154,False,,,,,False,none
1760262691.4792643,False,,,,,False,none
1760262691.5539896,False,,,,,False,none
1760262691.6341054,False,,,,,False,none
1760262691.7063134,False,,,,,False,none
1760262691.7745175,False,,,,,False,none
1760262691.8459804,False,,,,,False,none
1760262691.9267228,False,,,,,False,none
1760262692.0042458,False,,,,,False,none
1760262692.085185,False,,,,,False,none
1760262692.1590793,False,,,,,False,none
1760262692.2359145,False,,,,,False,none
1760262692.3175206,False,,,,,False,none
1760262692.3899763,False,,,,,False,none
1760262692.4589179,False,,,,,False,none
1760262692.5322788,False,,,,,False,none
1760262692.6076472,False,,,,,False,none
1760262692.6860812,False,,,,,False,none
1760262692.7646413,False,,,,,False,none
1760262692.8424218,False,,,,,False,none
1760262692.9222827,False,,,,,False,none
1760262693.0029206,False,,,,,False,none
1760262693.0779848,False,,,,,False,none
1760262693.1552732,False,,,,,False,none
1760262693.225144,False,,,,,False,none
1760262693.302574,False,,,,,False,none
1760262693.3792503,False,,,,,False,none
1760262693.4570718,False,,,,,False,none
1760262693.53575,False,,,,,False,none
1760262693.6227956,False,,,,,False,none
1760262693.7031226,False,,,,,False,none
1760262693.7843611,False,,,,,False,none
1760262693.8673408,False,,,,,False,none
1760262693.9449494,False,,,,,False,none
1760262694.0238392,False,,,,,False,none
1760262694.107146,False,,,,,False,none
1760262694.1892214,False,,,,,False,none
1760262694.2717834,False,,,,,False,none
1760262694.34739,False,,,,,False,none
1760262694.4168532,False,,,,,False,none
1760262694.4889486,False,,,,,False,none
1760262694.54354,False,,,,,False,none
1760262694.6091623,False,,,,,False,none
1760262694.6589735,False,,,,,False,none
1760262694.7342272,False,,,,,False,none
1760262694.8206432,False,,,,,False,none
1760262694.9047587,False,,,,,False,none
1760262694.9888837,False,,,,,False,none
1760262695.0633898,False,,,,,False,none
1760262695.1421163,False,,,,,False,none
1760262695.2212324,False,,,,,False,none
1760262695.3102143,False,,,,,False,none
1760262695.3957758,False,,,,,False,none
1760262695.4761703,False,,,,,False,none
1760262695.561302,False,,,,,False,none
1760262695.652249,False,,,,,False,none
1760262695.7365613,False,,,,,False,none
1760262695.8250377,False,,,,,False,none
1760262695.9144142,False,,,,,False,none
1760262695.9988844,False,,,,,False,none
1760262696.090162,False,,,,,False,none
1760262696.171255,False,,,,,False,none
1760262696.2546337,False,,,,,False,none
1760262696.3268917,False,,,,,False,none
1760262696.4060779,False,,,,,False,none
1760262696.4842517,False,,,,,False,none
1760262696.5611203,False,,,,,False,none
1760262696.6363306,False,,,,,False,none
1760262696.7064593,False,,,,,False,none
1760262696.7767017,False,,,,,False,none
1760262696.8510325,False,,,,,False,none
1760262696.9330459,False,,,,,False,none
1760262697.0149882,False,,,,,False,none
1760262697.0950277,False,,,,,False,none
1760262697.1767848,False,,,,,False,none
1760262697.2515104,False,,,,,False,none
1760262697.3391368,False,,,,,False,none
1760262697.416401,False,,,,,False,none
1760262697.4935546,False,,,,,False,none
1760262697.575455,False,,,,,False,none
1760262697.6626117,False,,,,,False,none
1760262697.742982,False,,,,,False,none
1760262697.8261015,False,,,,,False,none
1760262697.9100604,False,,,,,False,none
1760262697.998265,False,,,,,False,none
1760262698.0882568,False,,,,,False,none
1760262698.1750555,False,,,,,False,none
1760262698.2579224,False,,,,,False,none
1760262698.338042,False,,,,,False,none
1760262698.415328,False,,,,,False,none
1760262698.5114915,False,,,,,False,none
1760262698.600125,False,,,,,False,none
1760262698.6892707,False,,,,,False,none
1760262698.7654784,False,,,,,False,none
1760262698.8337548,False,,,,,False,none
1760262698.9088576,False,,,,,False,none
1760262698.988895,False,,,,,False,none
1760262699.0637941,False,,,,,False,none
1760262699.1441371,False,,,,,False,none
1760262699.2137995,False,,,,,False,none
1760262699.2903059,False,,,,,False,none
1760262699.3650153,False,,,,,False,none
1760262699.4502213,False,,,,,False,none
1760262699.5265863,False,,,,,False,none
1760262699.6149564,False,,,,,False,none
1760262699.6936893,False,,,,,False,none
1760262699.775266,False,,,,,False,none
1760262699.850675,False,,,,,False,none
1760262699.9200485,False,,,,,False,none
1760262699.9973102,False,,,,,False,none
1760262700.0695794,False,,,,,False,none
1760262700.14774,False,,,,,False,none
1760262700.2351263,False,,,,,False,none
1760262700.3191347,False,,,,,False,none
1760262700.4065044,False,,,,,False,none
1760262700.4959424,False,,,,,False,none
1760262700.5824032,False,,,,,False,none
1760262700.6549022,False,,,,,False,none
1760262700.7332754,False,,,,,False,none
1760262700.8069067,False,,,,,False,none
1760262700.8880439,False,,,,,False,none
1760262701.1644063,False,,,,,False,none
1760262701.2371924,False,,,,,False,none
1760262701.3326006,False,,,,,False,none
1760262701.4237423,False,,,,,False,none
1760262701.503637,False,,,,,False,none
1760262701.5974596,False,,,,,False,none
1760262701.681059,False,,,,,False,none
1760262701.7655573,False,,,,,False,none
1760262701.853009,False,,,,,False,none
1760262701.9301343,False,,,,,False,none
1760262702.0134113,False,,,,,False,none
1760262702.095093,False,,,,,False,none
1760262702.1939223,False,,,,,False,none
1760262702.277544,False,,,,,False,none
1760262702.3613045,False,,,,,False,none
1760262702.4589531,False,,,,,False,none
1760262702.5452576,False,,,,,False,none
1760262702.6311452,False,,,,,False,none
1760262702.7221184,False,,,,,False,none
1760262702.802274,False,,,,,False,none
1760262702.8773987,False,,,,,False,none
1760262702.9624877,False,,,,,False,none
1760262703.039818,False,,,,,False,none
1760262703.1114457,False,,,,,False,none
1760262703.1830895,False,,,,,False,none
1760262703.2589598,False,,,,,False,none
1760262703.334961,False,,,,,False,none
1760262703.4157212,False,,,,,False,none
1760262703.4961333,False,,,,,False,none
1760262703.5746965,False,,,,,False,none
1760262703.6543217,False,,,,,False,none
1760262703.735796,False,,,,,False,none
1760262704.0153465,False,,,,,False,none
1760262704.0870566,False,,,,,False,none
1760262704.1572528,False,,,,,False,none
1760262704.2341502,False,,,,,False,none
1760262704.310245,False,,,,,False,none
1760262704.3840003,False,,,,,False,none
1760262704.458963,False,,,,,False,none
1760262704.5416663,False,,,,,False,none
1760262704.6410484,False,,,,,False,none
1760262704.729814,False,,,,,False,none
1760262704.811855,False,,,,,False,none
1760262704.8926592,False,,,,,False,none
1760262704.973136,False,,,,,False,none
1760262705.0499213,False,,,,,False,none
1760262705.1365478,False,,,,,False,none
1760262705.2106917,False,,,,,False,none
1760262705.2900057,False,,,,,False,none
1760262705.3625154,False,,,,,False,none
1760262705.449231,False,,,,,False,none
1760262705.5255487,False,,,,,False,none
1760262705.611517,False,,,,,False,none
1760262705.6941075,False,,,,,False,none
1760262705.9641106,False,,,,,False,none
1760262706.052264,False,,,,,False,none
1760262706.1343706,False,,,,,False,none
1760262706.2112548,False,,,,,False,none
1760262706.2832613,False,,,,,False,none
1760262706.3589835,False,,,,,False,none
1760262706.4336324,False,,,,,False,none
1760262706.5035923,False,,,,,False,none
1760262706.584488,False,,,,,False,none
1760262706.654044,False,,,,,False,none
1760262706.726897,False,,,,,False,none
1760262706.8091998,False,,,,,False,none
1760262706.8890588,False,,,,,False,none
1760262706.9528303,False,,,,,False,none
1760262707.0276704,False,,,,,False,none
1760262707.0979514,False,,,,,False,none
1760262707.1704035,False,,,,,False,none
1760262707.2456887,False,,,,,False,none
1760262707.3133445,False,,,,,False,none
1760262707.3812056,False,,,,,False,none
1760262707.4504664,False,,,,,False,none
1760262707.5210612,False,,,,,False,none
1760262707.5927553,False,,,,,False,none
1760262707.6635735,False,,,,,False,none
1760262707.7281888,False,,,,,False,none
1760262707.8062856,False,,,,,False,none
1760262707.8518019,False,,,,,False,none
1760262707.9111419,False,,,,,False,none
1760262707.9739292,False,,,,,False,none
1760262708.0303493,False,,,,,False,none
1760262708.0899692,False,,,,,False,none
1760262708.1341457,False,,,,,False,none
1760262708.196881,False,,,,,False,none
1760262708.2551649,False,,,,,False,none
1760262708.3308196,False,,,,,False,none
1760262708.4053164,False,,,,,False,none
1760262708.482959,False,,,,,False,none
1760262708.5370421,False,,,,,False,none
1760262708.6088977,False,,,,,False,none
1760262708.6678824,False,,,,,False,none
1760262708.7360227,False,,,,,False,none
1760262708.795371,False,,,,,False,none
1760262708.867928,False,,,,,False,none
1760262708.9554112,False,,,,,False,none
1760262709.0393212,False,,,,,False,none
1760262709.1107192,False,,,,,False,none
1760262709.1795053,False,,,,,False,none
1760262709.259862,False,,,,,False,none
1760262709.3350651,False,,,,,False,none
1760262709.4207559,False,,,,,False,none
1760262709.4982703,False,,,,,False,none
1760262709.581008,False,,,,,False,none
1760262709.6632357,False,,,,,False,none
1760262709.7399557,False,,,,,False,none
1760262709.8173647,False,,,,,False,none
1760262709.8975296,False,,,,,False,none
1760262709.9837291,False,,,,,False,none
1760262710.0694387,False,,,,,False,none
1760262710.1535964,False,,,,,False,none
1760262710.2508705,False,,,,,False,none
1760262710.353471,False,,,,,False,none
1760262710.4511797,False,,,,,False,none
1760262710.5505102,False,,,,,False,none
1760262710.6230156,False,,,,,False,none
1760262710.7016091,False,,,,,False,none
1760262710.768042,False,,,,,False,none
1760262710.8372343,False,,,,,False,none
1760262710.8993115,False,,,,,False,none
1760262710.965874,False,,,,,False,none
1760262711.0223062,False,,,,,False,none
1760262711.0841045,False,,,,,False,none
1760262711.1474125,False,,,,,False,none
1760262711.2208555,False,,,,,False,none
1760262711.2944381,False,,,,,False,none
1760262711.37927,False,,,,,False,none
1760262711.4506629,False,,,,,False,none
1760262711.519055,False,,,,,False,none
1760262711.5821943,False,,,,,False,none
1760262711.6399837,False,,,,,False,none
1760262711.6992342,False,,,,,False,none
1760262711.7664154,False,,,,,False,none
1760262711.8250024,False,,,,,False,none
1760262711.888835,False,,,,,False,none
1760262711.9443207,False,,,,,False,none
1760262712.001021,False,,,,,False,none
1760262712.0570395,False,,,,,False,none
1760262712.110952,False,,,,,False,none
1760262712.1655977,False,,,,,False,none
1760262712.2208107,False,,,,,False,none
1760262712.2835844,False,,,,,False,none
1760262712.3476503,False,,,,,False,none
1760262712.6159854,False,,,,,False,none
1760262712.682897,False,,,,,False,none
1760262712.7364452,False,,,,,False,none
1760262712.8117814,False,,,,,False,none
1760262712.8889034,False,,,,,False,none
1760262712.9626136,False,,,,,False,none
1760262713.0263677,False,,,,,False,none
1760262713.0894196,False,,,,,False,none
1760262713.1474524,False,,,,,False,none
1760262713.1962607,False,,,,,False,none
1760262713.2568264,False,,,,,False,none
1760262713.3136916,False,,,,,False,none
1760262713.3863978,False,,,,,False,none
1760262713.4691834,False,,,,,False,none
1760262713.5393548,False,,,,,False,none
1760262713.6051195,False,,,,,False,none
1760262713.665853,False,,,,,False,none
1760262713.7410564,False,,,,,False,none
1760262713.8177693,False,,,,,False,none
1760262713.8913965,False,,,,,False,none
1760262713.9658542,False,,,,,False,none
1760262714.0355082,False,,,,,False,none
1760262714.1113234,False,,,,,False,none
1760262714.179415,False,,,,,False,none
1760262714.2431507,False,,,,,False,none
1760262714.31915,False,,,,,False,none
1760262714.3858485,False,,,,,False,none
1760262714.4661393,False,,,,,False,none
1760262714.54181,False,,,,,False,none
1760262714.6170864,False,,,,,False,none
1760262714.69243,False,,,,,False,none
1760262714.7711158,False,,,,,False,none
1760262714.8459485,False,,,,,False,none
1760262714.917296,False,,,,,False,none
1760262714.9976044,False,,,,,False,none
1760262715.0733812,False,,,,,False,none
1760262715.3652034,False,,,,,False,none
1760262715.4553015,False,,,,,False,none
1760262715.5474153,False,,,,,False,none
1760262715.6264298,False,,,,,False,none
1760262715.711359,False,,,,,False,none
1760262715.791465,False,,,,,False,none
1760262715.874264,False,,,,,False,none
1760262715.9653273,False,,,,,False,none
1760262716.0453951,False,,,,,False,none
1760262716.127381,False,,,,,False,none
1760262716.2154317,False,,,,,False,none
1760262716.3737278,False,,,,,False,none
1760262716.46194,False,,,,,False,none
1760262716.5350068,False,,,,,False,none
1760262716.622849,False,,,,,False,none
1760262716.6922007,False,,,,,False,none
1760262716.7644265,False,,,,,False,none
1760262716.8332117,False,,,,,False,none
1760262716.902977,False,,,,,False,none
1760262716.9835098,False,,,,,False,none
1760262717.05187,False,,,,,False,none
1760262717.1209605,False,,,,,False,none
1760262717.2546577,False,,,,,False,none
1760262717.3597684,False,,,,,False,none
1760262717.6503592,False,,,,,False,none
1760262717.7760623,False,,,,,False,none
1760262717.8751855,False,,,,,False,none
1760262717.9857695,False,,,,,False,none
1760262718.0839663,False,,,,,False,none
1760262718.191295,False,,,,,False,none
1760262718.2880633,False,,,,,False,none
1760262718.38669,False,,,,,False,none
1760262718.7026906,False,,,,,False,none
1760262718.8430285,False,,,,,False,none
1760262718.9869149,False,,,,,False,none
1760262719.120349,False,,,,,False,none
1760262719.2360563,False,,,,,False,none
1760262719.3515704,False,,,,,False,none
1760262719.460289,False,,,,,False,none
1760262719.563275,False,,,,,False,none
1760262719.6758358,False,,,,,False,none
1760262719.789307,False,,,,,False,none
1760262719.9044266,False,,,,,False,none
1760262720.007479,False,,,,,False,none
1760262720.1356516,False,,,,,False,none
1760262720.2554064,False,,,,,False,none
1760262720.3668308,False,,,,,False,none
1760262720.4740417,False,,,,,False,none
1760262720.5720105,False,,,,,False,none
1760262720.6832304,False,,,,,False,none
1760262720.7838838,False,,,,,False,none
1760262721.1070588,False,,,,,False,none
1760262721.2139711,False,,,,,False,none
1760262721.3296826,False,,,,,False,none
1760262721.4394724,False,,,,,False,none
1760262721.5567331,False,,,,,False,none
1760262721.6676636,False,,,,,False,none
1760262721.7818866,False,,,,,False,none
1760262721.883304,False,,,,,False,none
1760262721.956319,False,,,,,False,none
1760262722.045208,False,,,,,False,none
1760262722.1449769,False,,,,,False,none
1760262722.2590985,False,,,,,False,none
1760262722.3495133,False,,,,,False,none
1760262722.4579494,False,,,,,False,none
1760262722.5645645,False,,,,,False,none
1760262722.669047,False,,,,,False,none
1760262722.774616,False,,,,,False,none
1760262722.8732836,False,,,,,False,none
1760262722.984476,False,,,,,False,none
1760262723.0893424,False,,,,,False,none
1760262723.193198,False,,,,,False,none
1760262723.2898307,False,,,,,False,none
1760262723.390402,False,,,,,False,none
1760262723.4904182,False,,,,,False,none
1760262723.5909507,False,,,,,False,none
1760262723.6963632,False,,,,,False,none
1760262723.7960002,False,,,,,False,none
1760262723.8977518,True,,,,,False,none
1760262723.9902732,True,,,,,False,none
1760262724.0789948,True,,,,,False,none
1760262724.1751492,True,,,,,False,none
1760262724.2980878,True,,,,,False,none
1760262724.4083126,True,,,,,False,none
1760262724.512144,True,,,,,False,none
1760262724.611353,True,,,,,False,none
1760262724.7109869,True,,,,,False,none
1760262724.8056703,True,,,,,False,none
1760262724.9231505,False,,,,,False,none
1760262725.043675,False,,,,,False,none
1760262725.148101,False,,,,,False,none
1760262725.2744386,False,,,,,False,none
1760262725.4355466,False,,,,,False,none
1760262725.594042,False,,,,,False,none
1760262725.744859,False,,,,,False,none
1760262725.887937,False,,,,,False,none
1760262726.0198524,False,,,,,False,none
1760262726.163727,False,,,,,False,none
1760262726.311473,False,,,,,False,none
1760262726.4282222,False,,,,,False,none
1760262726.5839221,False,,,,,False,none
1760262726.7050865,False,,,,,False,none
1760262726.8095467,False,,,,,False,none
1760262726.9453495,False,,,,,False,none
1760262727.0624378,False,,,,,False,none
1760262727.1681666,False,,,,,False,none
1760262727.2678711,False,,,,,False,none
1760262727.3690438,False,,,,,False,none
1760262727.466535,False,,,,,False,none
1760262727.566523,False,,,,,False,none
1760262727.7078097,False,,,,,False,none
1760262727.8450372,False,,,,,False,none
1760262727.9672008,False,,,,,False,none
1760262728.0852215,False,,,,,False,none
1760262728.1924882,False,,,,,False,none
1760262728.2891014,False,,,,,False,none
1760262728.399801,False,,,,,False,none
1760262728.507424,False,,,,,False,none
1760262728.6213658,False,,,,,False,none
1760262728.728377,False,,,,,False,none
1760262728.8203466,False,,,,,False,none
1760262728.924156,False,,,,,False,none
1760262729.0212488,False,,,,,False,none
1760262729.1210983,False,,,,,False,none
1760262729.2339356,False,,,,,False,none
1760262729.3898199,False,,,,,False,none
1760262729.5595903,False,,,,,False,none
1760262729.7189462,False,,,,,False,none
1760262729.8659153,False,,,,,False,none
1760262729.9849823,False,,,,,False,none
1760262730.0971503,False,,,,,False,none
1760262730.2203684,False,,,,,False,none
1760262730.3389654,False,,,,,False,none
1760262730.4626596,False,,,,,False,none
1760262730.56468,False,,,,,False,none
1760262730.6662107,False,,,,,False,none
1760262730.777683,False,,,,,False,none
1760262730.883507,False,,,,,False,none
1760262730.977843,False,,,,,False,none
1760262731.0774994,True,,,,,False,none
1760262731.1812842,False,,,,,False,none
1760262731.3002574,True,,,,,False,none
1760262731.412021,True,,,,,False,none
1760262731.5145814,False,,,,,False,none
1760262731.616757,False,,,,,False,none
1760262731.7266653,False,,,,,False,none
1760262731.8509417,False,,,,,False,none
1760262731.9565196,False,,,,,False,none
1760262732.05697,False,,,,,False,none
1760262732.1752408,False,,,,,False,none
1760262732.276392,False,,,,,False,none
1760262732.3869498,False,,,,,False,none
1760262732.503214,False,,,,,False,none
1760262732.6069343,False,,,,,False,none
1760262732.6977694,False,,,,,False,none
1760262732.803625,False,,,,,False,none
1760262732.9080942,False,,,,,False,none
1760262733.0009239,False,,,,,False,none
1760262733.113115,False,,,,,False,none
1760262733.2247033,False,,,,,False,none
1760262733.3351886,False,,,,,False,none
1760262733.4332726,False,,,,,False,none
1760262733.5309238,False,,,,,False,none
1760262733.6432693,False,,,,,False,none
1760262733.7739415,True,,,,,False,none
1760262733.9063077,True,,,,,False,none
1760262734.02672,True,,,,,False,none
1760262734.168946,True,,,,,False,none
1760262734.2821066,True,,,,,False,none
1760262734.397914,True,,,,,False,none
1760262734.5183582,True,,,,,False,none
1760262734.6559496,True,,,,,False,none
1760262734.769259,True,,,,,False,none
1760262734.8636441,True,,,,,False,none
1760262734.9600933,True,,,,,False,none
1760262735.0492692,True,,,,,False,none
1760262735.136169,True,,,,,False,none
1760262735.2374563,True,,,,,False,none
1760262735.336703,True,,,,,False,none
1760262735.4168658,True,,,,,False,none
1760262735.5078654,True,,,,,False,none
1760262735.5971818,True,,,,,False,none
1760262735.6811917,True,,,,,False,none
1760262735.7676616,True,,,,,False,none
1760262735.8555672,True,,,,,False,none
1760262735.9414248,True,,,,,False,none
1760262736.0324903,True,,,,,False,none
1760262736.1248991,True,,,,,False,none
1760262736.2153046,True,,,,,False,none
1760262736.3048136,True,,,,,False,none
1760262736.3962247,True,,,,,False,none
1760262736.4829397,True,,,,,False,none
1760262736.5744817,True,,,,,False,none
1760262736.6678634,True,,,,,False,none
1760262736.7619846,True,,,,,False,none
1760262736.8449488,True,,,,,False,none
1760262736.9380538,True,,,,,False,none
1760262737.0264463,True,,,,,False,none
1760262737.1079774,True,,,,,False,none
1760262737.2002866,True,,,,,False,none
1760262737.288857,True,,,,,False,none
1760262737.3899374,True,,,,,False,none
1760262737.4866893,True,,,,,False,none
1760262737.593195,True,,,,,False,none
1760262737.6889393,True,,,,,False,none
1760262737.779505,True,,,,,False,none
1760262737.8720696,True,,,,,False,none
1760262737.9602234,True,,,,,False,none
1760262738.0526772,True,,,,,False,none
1760262738.1515212,True,,,,,False,none
1760262738.2436707,True,,,,,False,none
1760262738.3437133,True,,,,,False,none
1760262738.4476137,True,,,,,False,none
1760262738.5459206,True,,,,,False,none
1760262738.6392305,True,,,,,False,none
1760262738.7420592,True,,,,,False,none
1760262738.849942,True,,,,,False,none
1760262738.971802,True,,,,,False,none
1760262739.0798314,True,,,,,False,none
1760262739.1933548,True,,,,,False,none
1760262739.2876413,True,,,,,False,none
1760262739.3989887,True,,,,,False,none
1760262739.506501,True,,,,,False,none
1760262739.6045454,True,,,,,False,none
1760262739.704906,True,,,,,False,none
1760262739.804025,True,,,,,False,none
1760262739.9013577,True,,,,,False,none
1760262740.0012484,True,,,,,False,none
1760262740.108887,True,,,,,False,none
1760262740.2061527,True,,,,,False,none
1760262740.3103027,True,,,,,False,none
1760262740.3989396,True,,,,,False,none
1760262740.4966524,True,,,,,False,none
1760262740.592261,True,,,,,False,none
1760262740.687155,True,,,,,False,none
1760262740.7795177,True,,,,,False,none
1760262740.8738437,True,,,,,False,none
1760262740.9758756,True,,,,,False,none
1760262741.066611,True,,,,,False,none
1760262741.1566248,True,,,,,False,none
1760262741.2545514,True,,,,,False,none
1760262741.3765404,True,,,,,False,none
1760262741.4876156,True,,,,,False,none
1760262741.583354,True,,,,,False,none
1760262741.6930614,True,,,,,False,none
1760262741.79921,True,,,,,False,none
1760262741.914707,False,,,,,False,none
1760262742.0191522,False,,,,,False,none
1760262742.1291947,False,,,,,False,none
1760262742.2393482,False,,,,,False,none
1760262742.3568265,False,,,,,False,none
1760262742.4989555,False,,,,,False,none
1760262742.6362112,False,,,,,False,none
1760262742.794372,True,,,,,False,none
1760262742.9348445,True,,,,,False,none
1760262743.0533879,True,,,,,False,none
1760262743.1763482,False,,,,,False,none
1760262743.3033419,False,,,,,False,none
1760262743.4265318,False,,,,,False,none
1760262743.5652685,False,,,,,False,none
1760262743.696242,False,,,,,False,none
1760262743.8276315,False,,,,,False,none
1760262743.9742641,False,,,,,False,none
1760262744.1214004,False,,,,,False,none
1760262744.2724757,False,,,,,False,none
1760262744.4190638,False,,,,,False,none
1760262744.5461125,False,,,,,False,none
1760262744.6783297,False,,,,,False,none
1760262744.7994323,False,,,,,False,none
1760262744.9177735,False,,,,,False,none
1760262745.0276148,False,,,,,False,none
1760262745.1460817,False,,,,,False,none
1760262745.2629306,False,,,,,False,none
1760262745.381109,False,,,,,False,none
1760262745.5143,False,,,,,False,none
1760262745.6273072,False,,,,,False,none
1760262745.751954,False,,,,,False,none
1760262745.8737373,False,,,,,False,none
1760262745.9939048,False,,,,,False,none
1760262746.114815,False,,,,,False,none
1760262746.2445104,False,,,,,False,none
1760262746.3847775,False,,,,,False,none
1760262746.5093732,False,,,,,False,none
1760262746.6543093,False,,,,,False,none
1760262746.7991989,False,,,,,False,none
1760262746.942865,False,,,,,False,none
1760262747.0702271,False,,,,,False,none
1760262747.2067573,False,,,,,False,none
1760262747.3355734,False,,,,,False,none
1760262747.4832006,False,,,,,False,none
1760262747.6172872,False,,,,,False,none
1760262747.7520294,False,,,,,False,none
1760262747.8770647,False,,,,,False,none
1760262748.0096726,False,,,,,False,none
1760262748.1597598,False,,,,,False,none
1760262748.3170664,False,,,,,False,none
1760262748.4696755,False,,,,,False,none
1760262748.6299455,False,,,,,False,none
1760262748.7828228,False,,,,,False,none
1760262748.936124,False,,,,,False,none
1760262749.0898657,False,,,,,False,none
1760262749.2549264,False,,,,,False,none
1760262749.3948927,False,,,,,False,none
1760262749.5359135,False,,,,,False,none
1760262749.658149,False,,,,,False,none
1760262749.7855208,False,,,,,False,none
1760262749.913836,False,,,,,False,none
1760262750.0375476,False,,,,,False,none
1760262750.1700528,False,,,,,False,none
1760262750.3096118,False,,,,,False,none
1760262750.4352484,False,,,,,False,none
1760262750.5660336,False,,,,,False,none
1760262750.6963549,False,,,,,False,none
1760262750.8223777,False,,,,,False,none
1760262750.9490547,False,,,,,False,none
1760262751.0710275,False,,,,,False,none
1760262751.2098258,False,,,,,False,none
1760262751.335939,False,,,,,False,none
1760262751.457206,False,,,,,False,none
1760262751.5872939,False,,,,,False,none
1760262751.7198353,False,,,,,False,none
1760262751.8409638,False,,,,,False,none
1760262751.9630148,False,,,,,False,none
1760262752.0967531,False,,,,,False,none
1760262752.2249982,False,,,,,False,none
1760262752.3627744,False,,,,,False,none
1760262752.5090506,False,,,,,False,none
1760262752.6449342,False,,,,,False,none
1760262752.7695963,False,,,,,False,none
1760262752.8980875,False,,,,,False,none
1760262753.03296,False,,,,,False,none
1760262753.1769326,False,,,,,False,none
1760262753.300188,False,,,,,False,none
1760262753.4590242,False,,,,,False,none
1760262753.5802827,False,,,,,False,none
1760262753.7001657,False,,,,,False,none
1760262753.8333464,False,,,,,False,none
1760262753.9648814,False,,,,,False,none
1760262754.095041,False,,,,,False,none
1760262754.217958,False,,,,,False,none
1760262754.3422694,False,,,,,False,none
1760262754.458057,False,,,,,False,none
1760262754.5726228,False,,,,,False,none
1760262754.702591,False,,,,,False,none
1760262754.835648,False,,,,,False,none
1760262754.9576075,False,,,,,False,none
1760262755.0794215,False,,,,,False,none
1760262755.1933556,False,,,,,False,none
1760262755.3110385,False,,,,,False,none
1760262755.4270177,False,,,,,False,none
1760262755.5424297,False,,,,,False,none
1760262755.6678994,False,,,,,False,none
1760262755.7996058,False,,,,,False,none
1760262755.9498916,False,,,,,False,none
1760262756.0575774,False,,,,,False,none
1760262756.1671815,False,,,,,False,none
1760262756.287008,False,,,,,False,none
1760262756.393165,False,,,,,False,none
1760262756.5195048,False,,,,,False,none
1760262756.6359985,False,,,,,False,none
1760262756.7770565,False,,,,,False,none
1760262756.8892996,False,,,,,False,none
1760262757.017085,False,,,,,False,none
1760262757.1531844,False,,,,,False,none
1760262757.2712333,False,,,,,False,none
1760262757.3920581,False,,,,,False,none
1760262757.50911,False,,,,,False,none
1760262757.629661,False,,,,,False,none
1760262757.7515717,False,,,,,False,none
1760262757.8694537,False,,,,,False,none
1760262757.9822083,False,,,,,False,none
1760262758.1043613,False,,,,,False,none
1760262758.2233896,False,,,,,False,none
1760262758.3427932,False,,,,,False,none
1760262758.4647076,False,,,,,False,none
1760262758.6051424,False,,,,,False,none
1760262758.7237318,False,,,,,False,none
1760262758.8549623,False,,,,,False,none
1760262759.0042927,False,,,,,False,none
1760262759.1399143,False,,,,,False,none
1760262759.276324,False,,,,,False,none
1760262759.4278016,False,,,,,False,none
1760262759.5678196,False,,,,,False,none
1760262759.701167,False,,,,,False,none
1760262759.8398464,False,,,,,False,none
1760262759.9747531,False,,,,,False,none
1760262760.121323,False,,,,,False,none
1760262760.258222,False,,,,,False,none
1760262760.411706,False,,,,,False,none
1760262760.5435371,False,,,,,False,none
1760262760.6745803,False,,,,,False,none
1760262760.7981503,False,,,,,False,none
1760262760.9213488,False,,,,,False,none
1760262761.0436728,False,,,,,False,none
1760262761.182176,False,,,,,False,none
1760262761.325569,False,,,,,False,none
1760262761.455033,False,,,,,False,none
1760262761.5751593,False,,,,,False,none
1760262761.7167726,False,,,,,False,none
1760262761.847328,False,,,,,False,none
1760262761.9841394,False,,,,,False,none
1760262762.1260288,False,,,,,False,none
1760262762.2791553,False,,,,,False,none
1760262762.4163868,False,,,,,False,none
1760262762.5612175,False,,,,,False,none
1760262762.6894946,False,,,,,False,none
1760262762.832479,False,,,,,False,none
1760262762.9593656,False,,,,,False,none
1760262763.0755785,False,,,,,False,none
1760262763.223838,False,,,,,False,none
1760262763.354295,False,,,,,False,none
1760262763.5024924,False,,,,,False,none
1760262763.6564157,False,,,,,False,none
1760262763.806276,False,,,,,False,none
1760262763.9553256,False,,,,,False,none
1760262764.1061993,False,,,,,False,none
1760262764.2667325,False,,,,,False,none
1760262764.4163535,False,,,,,False,none
1760262764.5745976,False,,,,,False,none
1760262764.7211335,False,,,,,False,none
1760262764.8583353,False,,,,,False,none
1760262765.0121164,False,,,,,False,none
1760262765.1532853,False,,,,,False,none
1760262765.3083754,False,,,,,False,none
1760262765.4701614,False,,,,,False,none
1760262765.6183665,False,,,,,False,none
1760262765.7655563,False,,,,,False,none
1760262765.9089496,False,,,,,False,none
1760262766.0576394,False,,,,,False,none
1760262766.1974459,False,,,,,False,none
1760262766.3361979,False,,,,,False,none
1760262766.4764924,False,,,,,False,none
1760262766.607553,False,,,,,False,none
1760262766.7474666,False,,,,,False,none
1760262766.8956032,False,,,,,False,none
1760262767.0469973,False,,,,,False,none
1760262767.1901116,False,,,,,False,none
1760262767.3154523,False,,,,,False,none
1760262767.429109,False,,,,,False,none
1760262767.5400364,False,,,,,False,none
1760262767.6577783,False,,,,,False,none
1760262767.7750592,False,,,,,False,none
1760262767.8664377,False,,,,,False,none
1760262767.9514036,False,,,,,False,none
1760262768.0612662,False,,,,,False,none
1760262768.1695411,False,,,,,False,none
1760262768.2677376,False,,,,,False,none
1760262768.3779042,False,,,,,False,none
1760262768.4855945,False,,,,,False,none
1760262768.5955024,False,,,,,False,none
1760262768.6896484,False,,,,,False,none
1760262768.7837825,False,,,,,False,none
1760262768.8970432,False,,,,,False,none
1760262769.0010896,False,,,,,False,none
1760262769.1070411,False,,,,,False,none
1760262769.200972,False,,,,,False,none
1760262769.3056636,False,,,,,False,none
1760262769.4101067,False,,,,,False,none
1760262769.5003579,False,,,,,False,none
1760262769.5966077,False,,,,,False,none
1760262769.6961188,False,,,,,False,none
1760262769.7916918,False,,,,,False,none
1760262769.8917587,False,,,,,False,none
1760262769.9876513,False,,,,,False,none
1760262770.0928714,False,,,,,False,none
1760262770.1936243,False,,,,,False,none
1760262770.291767,False,,,,,False,none
1760262770.3989568,False,,,,,False,none
1760262770.5023232,False,,,,,False,none
1760262770.6182132,False,,,,,False,none
1760262770.721233,False,,,,,False,none
1760262770.8296747,False,,,,,False,none
1760262770.9336052,False,,,,,False,none
1760262771.0340085,False,,,,,False,none
1760262771.1310108,False,,,,,False,none
1760262771.240523,False,,,,,False,none
1760262771.3441937,False,,,,,False,none
1760262771.4418035,False,,,,,False,none
1760262771.5399237,False,,,,,False,none
1760262771.6352973,False,,,,,False,none
1760262771.7393298,False,,,,,False,none
1760262771.8516562,False,,,,,False,none
1760262771.9438674,False,,,,,False,none
1760262772.0494382,False,,,,,False,none
1760262772.1491408,False,,,,,False,none
1760262772.2457495,False,,,,,False,none
1760262772.3436747,False,,,,,False,none
1760262772.4348488,False,,,,,False,none
1760262772.527373,False,,,,,False,none
1760262772.6282315,False,,,,,False,none
1760262772.7217329,False,,,,,False,none
1760262772.8175693,False,,,,,False,none
1760262772.9078033,False,,,,,False,none
1760262772.9936614,False,,,,,False,none
1760262773.09578,False,,,,,False,none
1760262773.1941955,False,,,,,False,none
1760262773.3165472,False,,,,,False,none
1760262773.430241,False,,,,,False,none
1760262773.550925,False,,,,,False,none
1760262773.6731863,False,,,,,False,none
1760262773.7893643,False,,,,,False,none
1760262773.900258,False,,,,,False,none
1760262774.005014,False,,,,,False,none
1760262774.1241293,False,,,,,False,none
1760262774.2353346,False,,,,,False,none
1760262774.3419564,False,,,,,False,none
1760262774.458884,False,,,,,False,none
1760262774.5876544,False,,,,,False,none
1760262774.6969616,False,,,,,False,none
1760262774.8116534,False,,,,,False,none
1760262774.9281383,False,,,,,False,none
1760262775.0426736,False,,,,,False,none
1760262775.1603355,False,,,,,False,none
1760262775.2692294,False,,,,,False,none
1760262775.384187,False,,,,,False,none
1760262775.4991405,False,,,,,False,none
1760262775.6143053,False,,,,,False,none
1760262775.7361367,False,,,,,False,none
1760262775.856081,False,,,,,False,none
1760262775.9769719,False,,,,,False,none
1760262776.0871482,False,,,,,False,none
1760262776.2097878,False,,,,,False,none
1760262776.31979,False,,,,,False,none
1760262776.4193683,False,,,,,False,none
1760262776.5209785,False,,,,,False,none
1760262776.631047,False,,,,,False,none
1760262776.7398033,False,,,,,False,none
1760262776.8510838,False,,,,,False,none
1760262776.9455895,False,,,,,False,none
1760262777.0396757,False,,,,,False,none
1760262777.1343822,False,,,,,False,none
1760262777.2300084,False,,,,,False,none
1760262777.3228285,False,,,,,False,none
1760262777.4331694,False,,,,,False,none
1760262777.5332184,False,,,,,False,none
1760262777.6261036,False,,,,,False,none
1760262777.715145,False,,,,,False,none
1760262777.8013985,False,,,,,False,none
1760262777.8992326,False,,,,,False,none
1760262778.0094855,False,,,,,False,none
1760262778.1125247,False,,,,,False,none
1760262778.2161787,False,,,,,False,none
1760262778.3153331,False,,,,,False,none
1760262778.4139338,False,,,,,False,none
1760262778.5227003,False,,,,,False,none
1760262778.6276999,False,,,,,False,none
1760262778.7313144,False,,,,,False,none
1760262778.8297298,False,,,,,False,none
1760262778.938942,False,,,,,False,none
1760262779.0511699,False,,,,,False,none
1760262779.1512787,False,,,,,False,none
1760262779.2577143,False,,,,,False,none
1760262779.361034,False,,,,,False,none
1760262779.4570177,False,,,,,False,none
1760262779.549892,False,,,,,False,none
1760262779.654273,False,,,,,False,none
1760262779.753946,False,,,,,False,none
1760262779.863434,False,,,,,False,none
1760262779.9831655,False,,,,,False,none
1760262780.1011827,False,,,,,False,none
1760262780.213638,False,,,,,False,none
1760262780.3212013,False,,,,,False,none
1760262780.4367626,False,,,,,False,none
1760262780.5367174,False,,,,,False,none
1760262780.636531,False,,,,,False,none
1760262780.752219,False,,,,,False,none
1760262780.8602688,False,,,,,False,none
1760262780.9609525,False,,,,,False,none
1760262781.0696633,False,,,,,False,none
1760262781.1777394,False,,,,,False,none
1760262781.2943208,False,,,,,False,none
1760262781.4118218,False,,,,,False,none
1760262781.51091,False,,,,,False,none
1760262781.623859,False,,,,,False,none
1760262781.7281125,False,,,,,False,none
1760262781.8365836,False,,,,,False,none
1760262781.9364743,False,,,,,False,none
1760262782.0473175,False,,,,,False,none
1760262782.1551433,False,,,,,False,none
1760262782.2613955,False,,,,,False,none
1760262782.3682923,False,,,,,False,none
1760262782.4809585,False,,,,,False,none
1760262782.5501673,False,,,,,False,none
1760262782.629937,False,,,,,False,none
1760262782.7317133,False,,,,,False,none
1760262782.8406441,False,,,,,False,none
1760262782.940928,False,,,,,False,none
1760262783.0274904,False,,,,,False,none
1760262783.1136138,False,,,,,False,none
1760262783.2193465,False,,,,,False,none
1760262783.3346143,False,,,,,False,none
1760262783.4455113,False,,,,,False,none
1760262783.551012,False,,,,,False,none
1760262783.6567967,False,,,,,False,none
1760262783.7336173,False,,,,,False,none
1760262783.8201697,False,,,,,False,none
1760262783.9170444,False,,,,,False,none
1760262784.0346303,False,,,,,False,none
1760262784.1561966,False,,,,,False,none
1760262784.2658257,False,,,,,False,none
1760262784.3712754,False,,,,,False,none
1760262784.4753332,False,,,,,False,none
1760262784.597499,False,,,,,False,none
1760262784.734366,False,,,,,False,none
1760262784.8242722,False,,,,,False,none
1760262784.9465613,False,,,,,False,none
1760262785.0651271,False,,,,,False,none
1760262785.1693568,False,,,,,False,none
1760262785.269328,False,,,,,False,none
1760262785.3633823,False,,,,,False,none
1760262785.4619825,False,,,,,False,none
1760262785.563102,False,,,,,False,none
1760262785.6612256,False,,,,,False,none
1760262785.727352,False,,,,,False,none
1760262785.8442216,False,,,,,False,none
1760262785.9580731,False,,,,,False,none
1760262786.0591857,False,,,,,False,none
1760262786.1689517,False,,,,,False,none
1760262786.273288,False,,,,,False,none
1760262786.3757944,False,,,,,False,none
1760262786.4770167,False,,,,,False,none
1760262786.5846882,False,,,,,False,none
1760262786.6782134,False,,,,,False,none
1760262786.783074,False,,,,,False,none
1760262786.8889222,False,,,,,False,none
1760262786.991084,False,,,,,False,none
1760262787.0974717,False,,,,,False,none
1760262787.185032,False,,,,,False,none
1760262787.2980874,False,,,,,False,none
1760262787.3961756,False,,,,,False,none
1760262787.503149,False,,,,,False,none
1760262787.6033242,False,,,,,False,none
1760262787.7034514,False,,,,,False,none
1760262787.7912798,False,,,,,False,none
1760262787.8864787,False,,,,,False,none
1760262787.9767787,False,,,,,False,none
1760262788.0740068,False,,,,,False,none
1760262788.1655276,False,,,,,False,none
1760262788.2712278,False,,,,,False,none
1760262788.3616953,False,,,,,False,none
1760262788.4600236,False,,,,,False,none
1760262788.5554206,False,,,,,False,none
1760262788.641333,False,,,,,False,none
1760262788.743533,False,,,,,False,none
1760262788.8432963,False,,,,,False,none
1760262788.9430044,False,,,,,False,none
1760262789.0464034,False,,,,,False,none
1760262789.1374545,False,,,,,False,none
1760262789.2438736,False,,,,,False,none
1760262789.3449216,False,,,,,False,none
1760262789.442649,False,,,,,False,none
1760262789.5573502,False,,,,,False,none
1760262789.674112,False,,,,,False,none
1760262789.7890577,False,,,,,False,none
1760262789.9082885,False,,,,,False,none
1760262790.013206,False,,,,,False,none
1760262790.1158402,False,,,,,False,none
1760262790.223976,False,,,,,False,none
1760262790.3458955,False,,,,,False,none
1760262790.4533615,False,,,,,False,none
1760262790.5773072,False,,,,,False,none
1760262790.6811738,False,,,,,False,none
1760262790.7930167,False,,,,,False,none
1760262790.9079168,False,,,,,False,none
1760262791.0165925,False,,,,,False,none
1760262791.126786,False,,,,,False,none
1760262791.2310922,False,,,,,False,none
1760262791.3463345,False,,,,,False,none
1760262791.4630222,False,,,,,False,none
1760262791.5796206,False,,,,,False,none
1760262791.6934738,False,,,,,False,none
1760262791.8120186,False,,,,,False,none
1760262791.9233801,False,,,,,False,none
1760262792.0266798,False,,,,,False,none
1760262792.1330438,False,,,,,False,none
1760262792.246475,False,,,,,False,none
1760262792.3589163,False,,,,,False,none
1760262792.4670866,False,,,,,False,none
1760262792.5742235,False,,,,,False,none
1760262792.6852875,False,,,,,False,none
1760262792.796775,False,,,,,False,none
1760262792.9155502,False,,,,,False,none
1760262793.0248406,False,,,,,False,none
1760262793.1349933,False,,,,,False,none
1760262793.232333,False,,,,,False,none
1760262793.354857,False,,,,,False,none
1760262793.4412804,False,,,,,False,none
1760262793.5380256,False,,,,,False,none
1760262793.621128,False,,,,,False,none
1760262793.7346115,False,,,,,False,none
1760262793.8426812,False,,,,,False,none
1760262793.9598887,False,,,,,False,none
1760262794.074084,False,,,,,False,none
1760262794.1723282,False,,,,,False,none
1760262794.2759912,False,,,,,False,none
1760262794.3945434,False,,,,,False,none
1760262794.5216208,False,,,,,False,none
1760262794.6477594,False,,,,,False,none
1760262794.7436056,False,,,,,False,none
1760262794.8583052,False,,,,,False,none
1760262794.96282,False,,,,,False,none
1760262795.0737243,False,,,,,False,none
1760262795.1958857,False,,,,,False,none
1760262795.291114,False,,,,,False,none
1760262795.3793402,False,,,,,False,none
1760262795.4830682,False,,,,,False,none
1760262795.5989885,False,,,,,False,none
1760262795.695629,False,,,,,False,none
1760262795.791065,False,,,,,False,none
1760262795.8989544,False,,,,,False,none
1760262796.0128412,False,,,,,False,none
1760262796.1410782,False,,,,,False,none
1760262796.2399209,False,,,,,False,none
1760262796.3547904,False,,,,,False,none
1760262796.4534628,False,,,,,False,none
1760262796.560156,False,,,,,False,none
1760262796.6578438,False,,,,,False,none
1760262796.751048,False,,,,,False,none
1760262796.8531463,False,,,,,False,none
1760262796.968247,False,,,,,False,none
1760262797.0736365,False,,,,,False,none
1760262797.1616611,False,,,,,False,none
1760262797.2570198,False,,,,,False,none
1760262797.366008,True,,,,,False,none
1760262797.46786,True,,,,,False,none
1760262797.5692332,True,,,,,False,none
1760262797.6706645,True,,,,,False,none
1760262797.7795272,True,,,,,False,none
1760262797.8813252,True,,,,,False,none
1760262797.9868672,True,,,,,False,none
1760262798.0853698,True,,,,,False,none
1760262798.1910114,True,,,,,False,none
1760262798.284273,True,,,,,False,none
1760262798.38379,True,,,,,False,none
1760262798.4810143,True,,,,,False,none
1760262798.5810335,True,,,,,False,none
1760262798.6778207,True,,,,,False,none
1760262798.772515,True,,,,,False,none
1760262798.8633323,True,,,,,False,none
1760262798.9814858,True,,,,,False,none
1760262799.085605,True,,,,,False,none
1760262799.1793947,True,,,,,False,none
1760262799.2721121,True,,,,,False,none
1760262799.3554208,True,,,,,False,none
1760262799.4518418,True,,,,,False,none
1760262799.5382223,True,,,,,False,none
1760262799.6275592,True,,,,,False,none
1760262799.7267444,True,,,,,False,none
1760262799.8225229,True,,,,,False,none
1760262799.9247663,True,,,,,False,none
1760262800.023812,True,,,,,False,none
1760262800.1252174,True,,,,,False,none
1760262800.214495,True,,,,,False,none
1760262800.301365,True,,,,,False,none
1760262800.3878744,True,,,,,False,none
1760262800.4796007,True,,,,,False,none
1760262800.5603206,True,,,,,False,none
1760262800.6473682,True,,,,,False,none
1760262800.7341282,True,,,,,False,none
1760262800.8167431,True,,,,,False,none
1760262800.9112265,True,,,,,False,none
1760262801.0102599,True,,,,,False,none
1760262801.0989592,True,,,,,False,none
1760262801.1911168,True,,,,,False,none
1760262801.2809286,True,,,,,False,none
1760262801.363983,True,,,,,False,none
1760262801.463316,True,,,,,False,none
1760262801.557554,True,,,,,False,none
1760262801.644147,True,,,,,False,none
1760262801.7410622,True,,,,,False,none
1760262801.821242,True,,,,,False,none
1760262801.9153292,True,,,,,False,none
1760262802.0081959,True,,,,,False,none
1760262802.0968075,True,,,,,False,none
1760262802.1946719,True,,,,,False,none
1760262802.286818,True,,,,,False,none
1760262802.3831942,True,,,,,False,none
1760262802.4716258,True,,,,,False,none
1760262802.5737178,False,,,,,False,none
1760262802.669441,False,,,,,False,none
1760262802.7711468,False,,,,,False,none
1760262802.8718908,False,,,,,False,none
1760262802.9903684,False,,,,,False,none
1760262803.0933347,False,,,,,False,none
1760262803.1991282,False,,,,,False,none
1760262803.298045,False,,,,,False,none
1760262803.3975527,True,,,,,False,none
1760262803.50547,True,,,,,False,none
1760262803.6136508,True,,,,,False,none
1760262803.7093525,True,,,,,False,none
1760262803.805259,True,,,,,False,none
1760262803.8964574,True,,,,,False,none
1760262804.0012434,True,,,,,False,none
1760262804.1067097,True,,,,,False,none
1760262804.2166219,True,,,,,False,none
1760262804.3210294,True,,,,,False,none
1760262804.4151132,True,,,,,False,none
1760262804.5162225,True,,,,,False,none
1760262804.6128297,True,,,,,False,none
1760262804.7089288,True,,,,,False,none
1760262804.8045843,True,,,,,False,none
1760262804.8979185,True,,,,,False,none
1760262804.9911103,True,,,,,False,none
1760262805.0811863,True,,,,,False,none
1760262805.1880383,True,,,,,False,none
1760262805.2931511,True,,,,,False,none
1760262805.3950226,True,,,,,False,none
1760262805.501031,True,,,,,False,none
1760262805.5978358,True,,,,,False,none
1760262805.674899,True,,,,,False,none
1760262805.7775495,True,,,,,False,none
1760262805.861417,True,,,,,False,none
1760262805.9536984,True,,,,,False,none
1760262806.0468767,True,,,,,False,none
1760262806.151862,True,,,,,False,none
1760262806.2440052,True,,,,,False,none
1760262806.3382936,True,,,,,False,none
1760262806.433228,True,,,,,False,none
1760262806.5347352,True,,,,,False,none
1760262806.6315088,True,,,,,False,none
1760262806.7248907,True,,,,,False,none
1760262806.8251107,True,,,,,False,none
1760262806.916481,True,,,,,False,none
1760262807.0069027,True,,,,,False,none
1760262807.1024268,True,,,,,False,none
1760262807.1863148,True,,,,,False,none
1760262807.2702389,True,,,,,False,none
1760262807.366689,True,,,,,False,none
1760262807.433398,True,,,,,False,none
1760262807.5026102,True,,,,,False,none
1760262807.5722969,True,,,,,False,none
1760262807.6525404,True,,,,,False,none
1760262807.7282288,True,,,,,False,none
1760262807.8111138,True,,,,,False,none
1760262807.8922503,True,,,,,False,none
1760262807.965069,True,,,,,False,none
1760262808.049851,True,,,,,False,none
1760262808.1363502,True,,,,,False,none
1760262808.2252188,True,,,,,False,none
1760262808.3226707,True,,,,,False,none
1760262808.4116242,True,,,,,False,none
1760262808.4990492,True,,,,,False,none
1760262808.5912201,True,,,,,False,none
1760262808.6820612,True,,,,,False,none
1760262808.7720673,True,,,,,False,none
1760262808.8566847,True,,,,,False,none
1760262808.9509933,True,,,,,False,none
1760262809.0362055,True,,,,,False,none
1760262809.1304612,True,,,,,False,none
1760262809.2167506,True,,,,,False,none
1760262809.3047872,True,,,,,False,none
1760262809.3967822,True,,,,,False,none
1760262809.4878526,True,,,,,False,none
1760262809.58104,True,,,,,False,none
1760262809.6716855,True,,,,,False,none
1760262809.774077,True,,,,,False,none
1760262809.8644636,True,,,,,False,none
1760262809.9572706,True,,,,,False,none
1760262810.058081,True,,,,,False,none
1760262810.1551335,True,,,,,False,none
1760262810.2468593,True,,,,,False,none
1760262810.3383462,True,,,,,False,none
1760262810.4279275,True,,,,,False,none
1760262810.51013,True,,,,,False,none
1760262810.600474,True,,,,,False,none
1760262810.689431,True,,,,,False,none
1760262810.7744808,True,,,,,False,none
1760262810.8625538,True,,,,,False,none
1760262810.9442172,True,,,,,False,none
1760262811.031869,True,,,,,False,none
1760262811.1223793,True,,,,,False,none
1760262811.2132783,True,,,,,False,none
1760262811.3032253,True,,,,,False,none
1760262811.389678,True,,,,,False,none
1760262811.4835172,True,,,,,False,none
1760262811.5749378,True,,,,,False,none
1760262811.6691594,True,,,,,False,none
1760262811.7632418,True,,,,,False,none
1760262811.8502955,True,,,,,False,none
1760262811.9471407,True,,,,,False,none
1760262812.036501,True,,,,,False,none
1760262812.1253374,True,,,,,False,none
1760262812.2169785,True,,,,,False,none
1760262812.31928,True,,,,,False,none
1760262812.4215322,True,,,,,False,none
1760262812.5094326,True,,,,,False,none
1760262812.6154618,True,,,,,False,none
1760262812.701231,True,,,,,False,none
1760262812.8034918,True,,,,,False,none
1760262812.895968,True,,,,,False,none
1760262812.9856389,True,,,,,False,none
1760262813.0699494,True,,,,,False,none
1760262813.166048,True,,,,,False,none
1760262813.2590637,True,,,,,False,none
1760262813.3483026,True,,,,,False,none
1760262813.4331923,True,,,,,False,none
1760262813.5172894,True,,,,,False,none
1760262813.6011372,True,,,,,False,none
1760262813.879101,True,,,,,False,none
1760262813.967663,True,,,,,False,none
1760262814.0603456,True,,,,,False,none
1760262814.1613975,True,,,,,False,none
1760262814.255314,True,,,,,False,none
1760262814.5553756,True,,,,,False,none
1760262814.6542134,True,,,,,False,none
1760262814.7362304,True,,,,,False,none
1760262814.826751,True,,,,,False,none
1760262814.9299319,True,,,,,False,none
1760262815.022792,True,,,,,False,none
1760262815.1217196,True,,,,,False,none
1760262815.2142832,True,,,,,False,none
1760262815.3097606,True,,,,,False,none
1760262815.4111145,True,,,,,False,none
1760262815.5064127,True,,,,,False,none
1760262815.6122696,True,,,,,False,none
1760262815.7126384,True,,,,,False,none
1760262815.8045347,True,,,,,False,none
1760262815.8976924,True,,,,,False,none
1760262815.9815116,True,,,,,False,none
1760262816.0764554,True,,,,,False,none
1760262816.1570067,True,,,,,False,none
1760262816.25438,True,,,,,False,none
1760262816.3581653,True,,,,,False,none
1760262816.474927,True,,,,,False,none
1760262816.5798743,True,,,,,False,none
1760262816.6803346,True,,,,,False,none
1760262816.7722414,True,,,,,False,none
1760262816.846283,True,,,,,False,none
1760262816.9427056,True,,,,,False,none
1760262817.036319,False,,,,,False,none
1760262817.1328814,False,,,,,False,none
1760262817.247534,False,,,,,False,none
1760262817.3424087,False,,,,,False,none
1760262817.4413857,False,,,,,False,none
1760262817.5393019,False,,,,,False,none
1760262817.6346126,False,,,,,False,none
1760262817.7331526,False,,,,,False,none
1760262817.8267157,False,,,,,False,none
1760262817.9172306,False,,,,,False,none
1760262818.0142615,False,,,,,False,none
1760262818.1300633,False,,,,,False,none
1760262818.2299793,False,,,,,False,none
1760262818.3334813,False,,,,,False,none
1760262818.4236455,False,,,,,False,none
1760262818.5217533,False,,,,,False,none
1760262818.6213806,False,,,,,False,none
1760262818.7164335,False,,,,,False,none
1760262818.8037848,True,,,,,False,none
1760262818.8998692,True,,,,,False,none
1760262818.9990492,True,,,,,False,none
1760262819.099147,True,,,,,False,none
1760262819.2001164,True,,,,,False,none
1760262819.2975266,True,,,,,False,none
1760262819.39264,True,,,,,False,none
1760262819.4912586,True,,,,,False,none
1760262819.585071,True,,,,,False,none
1760262819.68392,True,,,,,False,none
1760262819.7769625,True,,,,,False,none
1760262819.8783576,True,,,,,False,none
1760262819.9821246,True,,,,,False,none
1760262820.0745986,True,,,,,False,none
1760262820.1732347,True,,,,,False,none
1760262820.2723029,True,,,,,False,none
1760262820.3695595,True,,,,,False,none
1760262820.4667075,True,,,,,False,none
1760262820.5512204,True,,,,,False,none
1760262820.6391678,True,,,,,False,none
1760262820.7323174,True,,,,,False,none
1760262820.82496,True,,,,,False,none
1760262820.9056993,True,,,,,False,none
1760262821.0002303,True,,,,,False,none
1760262821.0916297,True,,,,,False,none
1760262821.194087,True,,,,,False,none
1760262821.2920988,True,,,,,False,none
1760262821.3898165,True,,,,,False,none
1760262821.4831722,True,,,,,False,none
1760262821.576262,True,,,,,False,none
1760262821.6624901,True,,,,,False,none
1760262821.7540517,True,,,,,False,none
1760262821.8368611,True,,,,,False,none
1760262821.9260447,True,,,,,False,none
1760262821.9835536,True,,,,,False,none
1760262822.067157,True,,,,,False,none
1760262822.149131,True,,,,,False,none
1760262822.241293,True,,,,,False,none
1760262822.3333068,True,,,,,False,none
1760262822.432332,True,,,,,False,none
1760262822.5256293,True,,,,,False,none
1760262822.6080015,True,,,,,False,none
1760262822.6967807,False,,,,,False,none
1760262822.7867851,False,,,,,False,none
1760262822.8774776,False,,,,,False,none
1760262822.9563568,False,,,,,False,none
1760262823.0467668,True,,,,,False,none
1760262823.1392128,True,,,,,False,none
1760262823.2311847,True,,,,,False,none
1760262823.3303645,True,,,,,False,none
1760262823.421326,True,,,,,False,none
1760262823.5100095,True,,,,,False,none
1760262823.5978355,False,,,,,False,none
1760262823.6952121,False,,,,,False,none
1760262823.8037903,False,,,,,False,none
1760262823.9111063,False,,,,,False,none
1760262824.0124028,False,,,,,False,none
1760262824.10894,False,,,,,False,none
1760262824.213282,False,,,,,False,none
1760262824.3177621,False,,,,,False,none
1760262824.4219794,False,,,,,False,none
1760262824.5148077,False,,,,,False,none
1760262824.6152012,False,,,,,False,none
1760262824.7236383,False,,,,,False,none
1760262824.8157413,False,,,,,False,none
1760262824.9049892,False,,,,,False,none
1760262825.0026476,False,,,,,False,none
1760262825.0950122,False,,,,,False,none
1760262825.1911044,False,,,,,False,none
1760262825.2890081,False,,,,,False,none
1760262825.3791869,False,,,,,False,none
1760262825.469923,False,,,,,False,none
1760262825.5504096,False,,,,,False,none
1760262825.6390975,False,,,,,False,none
1760262825.7293556,False,,,,,False,none
1760262825.8281353,False,,,,,False,none
1760262825.9192224,False,,,,,False,none
1760262826.0100741,False,,,,,False,none
1760262826.101851,False,,,,,False,none
1760262826.1870353,False,,,,,False,none
1760262826.2863462,False,,,,,False,none
1760262826.37769,False,,,,,False,none
1760262826.46398,False,,,,,False,none
1760262826.5460005,False,,,,,False,none
1760262826.626468,False,,,,,False,none
1760262826.7080197,False,,,,,False,none
1760262826.7919097,False,,,,,False,none
1760262826.8863957,False,,,,,False,none
1760262826.9714582,False,,,,,False,none
1760262827.057989,False,,,,,False,none
1760262827.1527364,False,,,,,False,none
1760262827.2373884,False,,,,,False,none
1760262827.3292096,False,,,,,False,none
1760262827.420393,False,,,,,False,none
1760262827.501029,False,,,,,False,none
1760262827.597662,False,,,,,False,none
1760262827.7040336,False,,,,,False,none
1760262827.791406,False,,,,,False,none
1760262827.8772502,False,,,,,False,none
1760262827.9696786,False,,,,,False,none
1760262828.0454686,False,,,,,False,none
1760262828.1348808,False,,,,,False,none
1760262828.2121606,False,,,,,False,none
1760262828.3110206,False,,,,,False,none
1760262828.4052854,False,,,,,False,none
1760262828.488471,False,,,,,False,none
1760262828.5676959,False,,,,,False,none
1760262828.6513956,True,,,,,False,none
1760262828.7291992,True,,,,,False,none
1760262828.8224146,True,,,,,False,none
1760262828.9060357,True,,,,,False,none
1760262828.9910774,True,,,,,False,none
1760262829.080581,True,,,,,False,none
1760262829.1689646,True,,,,,False,none
1760262829.2512627,True,,,,,False,none
1760262829.3421452,True,,,,,False,none
1760262829.4409757,False,,,,,False,none
1760262829.5301795,False,,,,,False,none
1760262829.615461,False,,,,,False,none
1760262829.711047,False,,,,,False,none
1760262829.7942724,False,,,,,False,none
1760262829.8702488,False,,,,,False,none
1760262829.9633083,False,,,,,False,none
1760262830.0545416,False,,,,,False,none
1760262830.1393845,False,,,,,False,none
1760262830.2273698,False,,,,,False,none
1760262830.3189235,False,,,,,False,none
1760262830.404795,True,,,,,False,none
1760262830.4854417,True,,,,,False,none
1760262830.5596077,True,,,,,False,none
1760262830.6269312,True,,,,,False,none
1760262830.7130926,True,,,,,False,none
1760262830.794009,True,,,,,False,none
1760262830.8839262,True,,,,,False,none
1760262830.974854,True,,,,,False,none
1760262831.0613532,True,,,,,False,none
1760262831.1459863,True,,,,,False,none
1760262831.2289624,True,,,,,False,none
1760262831.314702,True,,,,,False,none
1760262831.4057543,True,,,,,False,none
1760262831.489231,False,,,,,False,none
1760262831.5748022,False,,,,,False,none
1760262831.6716928,False,,,,,False,none
1760262831.7613199,False,,,,,False,none
1760262831.8302867,False,,,,,False,none
1760262831.9151013,False,,,,,False,none
1760262831.985228,False,,,,,False,none
1760262832.0743525,False,,,,,False,none
1760262832.1535468,False,,,,,False,none
1760262832.2381213,False,,,,,False,none
1760262832.3277483,False,,,,,False,none
1760262832.4178495,False,,,,,False,none
1760262832.5038047,False,,,,,False,none
1760262832.5812004,False,,,,,False,none
1760262832.6625452,False,,,,,False,none
1760262832.747709,False,,,,,False,none
1760262832.8099236,True,,,,,False,none
1760262832.9013534,True,,,,,False,none
1760262832.9980621,True,,,,,False,none
1760262833.0829835,True,,,,,False,none
1760262833.1694436,True,,,,,False,none
1760262833.2532675,True,,,,,False,none
1760262833.339649,True,,,,,False,none
1760262833.426307,True,,,,,False,none
1760262833.5233483,True,,,,,False,none
1760262833.6066487,False,,,,,False,none
1760262833.6991909,False,,,,,False,none
1760262833.8062134,False,,,,,False,none
1760262833.9056702,False,,,,,False,none
1760262833.995541,False,,,,,False,none
1760262834.097395,False,,,,,False,none
1760262834.1936314,False,,,,,False,none
1760262834.2951128,False,,,,,False,none
1760262834.3835723,False,,,,,False,none
1760262834.4810119,False,,,,,False,none
1760262834.5715616,False,,,,,False,none
1760262834.6633723,False,,,,,False,none
1760262834.7547698,False,,,,,False,none
1760262834.8326,False,,,,,False,none
1760262834.8998218,False,,,,,False,none
1760262834.977151,False,,,,,False,none
1760262835.0467205,False,,,,,False,none
1760262835.1203747,False,,,,,False,none
1760262835.2164648,False,,,,,False,none
1760262835.3063452,False,,,,,False,none
1760262835.396959,False,,,,,False,none
1760262835.494978,False,,,,,False,none
1760262835.5719607,False,,,,,False,none
1760262835.66125,False,,,,,False,none
1760262835.754944,False,,,,,False,none
1760262835.8337038,False,,,,,False,none
1760262835.9226706,True,,,,,False,none
1760262835.9809299,True,,,,,False,none
1760262836.061423,True,,,,,False,none
1760262836.1367238,True,,,,,False,none
1760262836.224871,True,,,,,False,none
1760262836.3189425,True,,,,,False,none
1760262836.3990808,True,,,,,False,none
1760262836.5021894,True,,,,,False,none
1760262836.5804222,True,,,,,False,none
1760262836.6725929,True,,,,,False,none
1760262836.766657,True,,,,,False,none
1760262836.8410034,True,,,,,False,none
1760262836.9349508,True,,,,,False,none
1760262837.0175161,True,,,,,False,none
1760262837.0932674,True,,,,,False,none
1760262837.185247,True,,,,,False,none
1760262837.2810495,True,,,,,False,none
1760262837.3666387,True,,,,,False,none
1760262837.4659998,True,,,,,False,none
1760262837.5540395,True,,,,,False,none
1760262837.6414883,True,,,,,False,none
1760262837.7415977,True,,,,,False,none
1760262837.8022277,True,,,,,False,none
1760262837.8912907,True,,,,,False,none
1760262837.9823456,True,,,,,False,none
1760262838.0810647,True,,,,,False,none
1760262838.1752832,True,,,,,False,none
1760262838.262074,True,,,,,False,none
1760262838.3576488,False,,,,,False,none
1760262838.444358,False,,,,,False,none
1760262838.5346093,False,,,,,False,none
1760262838.6261055,False,,,,,False,none
1760262838.717833,False,,,,,False,none
1760262838.8101208,False,,,,,False,none
1760262838.8953223,False,,,,,False,none
1760262838.9895236,False,,,,,False,none
1760262839.0764241,False,,,,,False,none
1760262839.1562204,False,,,,,False,none
1760262839.239051,False,,,,,False,none
1760262839.3237238,False,,,,,False,none
1760262839.4080305,False,,,,,False,none
1760262839.4993951,False,,,,,False,none
1760262839.589431,False,,,,,False,none
1760262839.6813538,False,,,,,False,none
1760262839.7759354,False,,,,,False,none
1760262839.875102,False,,,,,False,none
1760262839.9689398,False,,,,,False,none
1760262840.0656672,False,,,,,False,none
1760262840.1515725,False,,,,,False,none
1760262840.2378025,False,,,,,False,none
1760262840.33189,False,,,,,False,none
1760262840.425273,False,,,,,False,none
1760262840.5178971,False,,,,,False,none
1760262840.601665,False,,,,,False,none
1760262840.688328,False,,,,,False,none
1760262840.765124,False,,,,,False,none
1760262840.8579233,False,,,,,False,none
1760262840.949927,False,,,,,False,none
1760262841.0375075,False,,,,,False,none
1760262841.12943,False,,,,,False,none
1760262841.2290728,False,,,,,False,none
1760262841.3233202,False,,,,,False,none
1760262841.419041,False,,,,,False,none
1760262841.5121093,False,,,,,False,none
1760262841.5994754,False,,,,,False,none
1760262841.6942735,False,,,,,False,none
1760262841.78123,False,,,,,False,none
1760262841.8887162,False,,,,,False,none
1760262841.976616,False,,,,,False,none
1760262842.0674255,False,,,,,False,none
1760262842.14532,False,,,,,False,none
1760262842.2176785,False,,,,,False,none
1760262842.2910624,False,,,,,False,none
1760262842.368883,False,,,,,False,none
1760262842.4502676,False,,,,,False,none
1760262842.5377245,False,,,,,False,none
1760262842.6202836,False,,,,,False,none
1760262842.7067692,False,,,,,False,none
1760262842.7950792,False,,,,,False,none
1760262842.8865228,False,,,,,False,none
1760262842.9737606,False,,,,,False,none
1760262843.0678592,False,,,,,False,none
1760262843.1494157,False,,,,,False,none
1760262843.2432182,False,,,,,False,none
1760262843.3350172,False,,,,,False,none
1760262843.4274096,False,,,,,False,none
1760262843.5122848,False,,,,,False,none
1760262843.6057236,True,,,,,False,none
1760262843.6967216,True,,,,,False,none
1760262843.793653,True,,,,,False,none
1760262843.894808,True,,,,,False,none
1760262843.9863243,True,,,,,False,none
1760262844.078359,False,,,,,False,none
1760262844.1693532,False,,,,,False,none
1760262844.267385,False,,,,,False,none
1760262844.3631923,False,,,,,False,none
1760262844.448099,False,,,,,False,none
1760262844.5515063,False,,,,,False,none
1760262844.6389294,False,,,,,False,none
1760262844.7324624,False,,,,,False,none
1760262844.8165567,False,,,,,False,none
1760262844.9091759,False,,,,,False,none
1760262845.0016937,False,,,,,False,none
1760262845.0913994,True,,,,,False,none
1760262845.1819997,True,,,,,False,none
1760262845.2859597,True,,,,,False,none
1760262845.371377,True,,,,,False,none
1760262845.4590197,True,,,,,False,none
1760262845.5522547,True,,,,,False,none
1760262845.637765,False,,,,,False,none
1760262845.7265651,False,,,,,False,none
1760262845.8150785,False,,,,,False,none
1760262845.898015,False,,,,,False,none
1760262845.996274,False,,,,,False,none
1760262846.0963244,False,,,,,False,none
1760262846.1899416,False,,,,,False,none
1760262846.2910254,False,,,,,False,none
1760262846.3793821,False,,,,,False,none
1760262846.4712143,False,,,,,False,none
1760262846.5702262,False,,,,,False,none
1760262846.6540022,False,,,,,False,none
1760262846.7371213,False,,,,,False,none
1760262846.8248317,False,,,,,False,none
1760262846.9146886,False,,,,,False,none
1760262847.0095985,False,,,,,False,none
1760262847.1012774,False,,,,,False,none
1760262847.1978235,False,,,,,False,none
1760262847.2834673,False,,,,,False,none
1760262847.3690739,False,,,,,False,none
1760262847.463102,False,,,,,False,none
1760262847.5574465,False,,,,,False,none
1760262847.6498716,False,,,,,False,none
1760262847.7474813,False,,,,,False,none
1760262847.8324058,True,,,,,False,none
1760262847.9297593,True,,,,,False,none
1760262848.0224059,True,,,,,False,none
1760262848.10912,True,,,,,False,none
1760262848.2149963,False,,,,,False,none
1760262848.2941954,False,,,,,False,none
1760262848.3794632,False,,,,,False,none
1760262848.4732392,False,,,,,False,none
1760262848.5542662,False,,,,,False,none
1760262848.6360245,False,,,,,False,none
1760262848.7268085,False,,,,,False,none
1760262848.8153942,False,,,,,False,none
1760262848.9191294,False,,,,,False,none
1760262849.0132887,False,,,,,False,none
1760262849.103203,False,,,,,False,none
1760262849.2026572,False,,,,,False,none
1760262849.2958307,False,,,,,False,none
1760262849.379172,False,,,,,False,none
1760262849.4697936,False,,,,,False,none
1760262849.5629737,False,,,,,False,none
1760262849.668958,False,,,,,False,none
1760262849.7712314,False,,,,,False,none
1760262849.8592615,True,,,,,False,none
1760262849.948892,True,,,,,False,none
1760262850.0474288,True,,,,,False,none
1760262850.1456738,True,,,,,False,none
1760262850.2413473,True,,,,,False,none
1760262850.3341382,True,,,,,False,none
1760262850.4303539,True,,,,,False,none
1760262850.5177755,True,,,,,False,none
1760262850.615828,True,,,,,False,none
1760262850.7033331,False,,,,,False,none
1760262850.8002326,False,,,,,False,none
1760262850.8917937,False,,,,,False,none
1760262850.9899316,False,,,,,False,none
1760262851.0811613,False,,,,,False,none
1760262851.1923473,False,,,,,False,none
1760262851.2911916,False,,,,,False,none
1760262851.3937435,False,,,,,False,none
1760262851.4873579,False,,,,,False,none
1760262851.5902574,False,,,,,False,none
1760262851.6839108,False,,,,,False,none
1760262851.7716289,False,,,,,False,none
1760262851.8634102,False,,,,,False,none
1760262851.9500957,False,,,,,False,none
1760262852.0460596,False,,,,,False,none
1760262852.132214,False,,,,,False,none
1760262852.2190251,False,,,,,False,none
1760262852.3010342,False,,,,,False,none
1760262852.383033,False,,,,,False,none
1760262852.46816,False,,,,,False,none
1760262852.5591197,False,,,,,False,none
1760262852.6411421,False,,,,,False,none
1760262852.727492,False,,,,,False,none
1760262852.805881,False,,,,,False,none
1760262852.8914697,False,,,,,False,none
1760262852.977085,False,,,,,False,none
1760262853.0532575,False,,,,,False,none
1760262853.131651,False,,,,,False,none
1760262853.2212412,False,,,,,False,none
1760262853.3036964,False,,,,,False,none
1760262853.3867354,False,,,,,False,none
1760262853.4742486,False,,,,,False,none
1760262853.562683,False,,,,,False,none
1760262853.6389387,False,,,,,False,none
1760262853.73116,False,,,,,False,none
1760262853.8180206,False,,,,,False,none
1760262853.9024203,False,,,,,False,none
1760262853.9837174,False,,,,,False,none
1760262854.066555,False,,,,,False,none
1760262854.1539223,False,,,,,False,none
1760262854.2342255,False,,,,,False,none
1760262854.3262243,False,,,,,False,none
1760262854.4158344,False,,,,,False,none
1760262854.5031734,False,,,,,False,none
1760262854.5893197,False,,,,,False,none
1760262854.6812744,False,,,,,False,none
1760262854.7680511,False,,,,,False,none
1760262854.8480527,True,,,,,False,none
1760262854.9347615,True,,,,,False,none
1760262855.0235777,True,,,,,False,none
1760262855.105409,True,,,,,False,none
1760262855.184701,True,,,,,False,none
1760262855.2772334,False,,,,,False,none
1760262855.3590403,False,,,,,False,none
1760262855.4411633,False,,,,,False,none
1760262855.5272439,False,,,,,False,none
1760262855.603952,False,,,,,False,none
1760262855.6823757,False,,,,,False,none
1760262855.7676604,False,,,,,False,none
1760262855.8534448,False,,,,,False,none
1760262855.9400082,False,,,,,False,none
1760262856.019679,False,,,,,False,none
1760262856.109925,False,,,,,False,none
1760262856.1988213,True,,,,,False,none
1760262856.2790287,True,,,,,False,none
1760262856.3581674,True,,,,,False,none
1760262856.4369576,True,,,,,False,none
1760262856.517383,True,,,,,False,none
1760262856.5974717,True,,,,,False,none
1760262856.6771183,True,,,,,False,none
1760262856.7561212,True,,,,,False,none
1760262856.8398967,True,,,,,False,none
1760262856.9201212,True,,,,,False,none
1760262857.0096052,True,,,,,False,none
1760262857.0990403,True,,,,,False,none
1760262857.175645,True,,,,,False,none
1760262857.2546794,True,,,,,False,none
1760262857.3426206,True,,,,,False,none
1760262857.4073894,True,,,,,False,none
1760262857.4960678,True,,,,,False,none
1760262857.584346,True,,,,,False,none
1760262857.6565752,True,,,,,False,none
1760262857.7437587,True,,,,,False,none
1760262857.824279,True,,,,,False,none
1760262857.9091039,True,,,,,False,none
1760262857.9963963,True,,,,,False,none
1760262858.0780463,True,,,,,False,none
1760262858.1660979,True,,,,,False,none
1760262858.2569995,True,,,,,False,none
1760262858.3503025,True,,,,,False,none
1760262858.4278655,True,,,,,False,none
1760262858.5193667,True,,,,,False,none
1760262858.6036346,True,,,,,False,none
1760262858.6912446,True,,,,,False,none
1760262858.7746592,True,,,,,False,none
1760262858.8638551,False,,,,,False,none
1760262858.9474812,False,,,,,False,none
1760262859.0273519,False,,,,,False,none
1760262859.113086,False,,,,,False,none
1760262859.1933103,False,,,,,False,none
1760262859.2792685,False,,,,,False,none
1760262859.3611026,False,,,,,False,none
1760262859.4412317,False,,,,,False,none
1760262859.529358,False,,,,,False,none
1760262859.6124122,False,,,,,False,none
1760262859.696213,False,,,,,False,none
1760262859.775221,False,,,,,False,none
1760262859.8453481,False,,,,,False,none
1760262859.9301357,False,,,,,False,none
1760262860.012798,False,,,,,False,none
1760262860.0887728,False,,,,,False,none
1760262860.176528,False,,,,,False,none
1760262860.2589307,False,,,,,False,none
1760262860.3480735,True,,,,,False,none
1760262860.4376204,True,,,,,False,none
1760262860.52799,True,,,,,False,none
1760262860.601291,True,,,,,False,none
1760262860.6852567,True,,,,,False,none
1760262860.7591758,True,,,,,False,none
1760262860.8444655,True,,,,,False,none
1760262860.9261591,False,,,,,False,none
1760262861.0076227,False,,,,,False,none
1760262861.0857747,False,,,,,False,none
1760262861.167251,False,,,,,False,none
1760262861.2514935,False,,,,,False,none
1760262861.345845,False,,,,,False,none
1760262861.4289954,False,,,,,False,none
1760262861.517618,False,,,,,False,none
1760262861.5967429,False,,,,,False,none
1760262861.6850786,False,,,,,False,none
1760262861.775099,False,,,,,False,none
1760262861.8603652,False,,,,,False,none
1760262861.9418104,False,,,,,False,none
1760262862.0256515,False,,,,,False,none
1760262862.1056256,False,,,,,False,none
1760262862.1795413,False,,,,,False,none
1760262862.257946,False,,,,,False,none
1760262862.3312225,False,,,,,False,none
1760262862.4120238,False,,,,,False,none
1760262862.4865882,False,,,,,False,none
1760262862.5769536,False,,,,,False,none
1760262862.6594565,False,,,,,False,none
1760262862.7424011,False,,,,,False,none
1760262862.822582,False,,,,,False,none
1760262862.905897,False,,,,,False,none
1760262862.9903243,False,,,,,False,none
1760262863.0840504,False,,,,,False,none
1760262863.1700182,False,,,,,False,none
1760262863.2510192,False,,,,,False,none
1760262863.3436792,False,,,,,False,none
1760262863.437236,False,,,,,False,none
1760262863.5302386,False,,,,,False,none
1760262863.6109204,False,,,,,False,none
1760262863.6916595,False,,,,,False,none
1760262863.7811131,False,,,,,False,none
1760262863.8668096,False,,,,,False,none
1760262863.95683,False,,,,,False,none
1760262864.0403042,False,,,,,False,none
1760262864.1199293,False,,,,,False,none
1760262864.2062473,False,,,,,False,none
1760262864.2909887,False,,,,,False,none
1760262864.3794186,False,,,,,False,none
1760262864.4698367,False,,,,,False,none
1760262864.5596206,False,,,,,False,none
1760262864.6473055,False,,,,,False,none
1760262864.7239094,False,,,,,False,none
1760262864.8041677,False,,,,,False,none
1760262864.8870113,True,,,,,False,none
1760262864.965696,True,,,,,False,none
1760262865.0534897,True,,,,,False,none
1760262865.1238499,True,,,,,False,none
1760262865.2020092,True,,,,,False,none
1760262865.2810054,True,,,,,False,none
1760262865.3627486,True,,,,,False,none
1760262865.4463308,False,,,,,False,none
1760262865.5310767,False,,,,,False,none
1760262865.6230857,False,,,,,False,none
1760262865.6965246,False,,,,,False,none
1760262865.7773879,False,,,,,False,none
1760262865.8575518,False,,,,,False,none
1760262865.949273,False,,,,,False,none
1760262866.033234,False,,,,,False,none
1760262866.122669,False,,,,,False,none
1760262866.2145696,False,,,,,False,none
1760262866.304279,False,,,,,False,none
1760262866.3915112,False,,,,,False,none
1760262866.4858491,False,,,,,False,none
1760262866.5761511,False,,,,,False,none
1760262866.6689236,False,,,,,False,none
1760262866.765075,False,,,,,False,none
1760262866.8534346,False,,,,,False,none
1760262866.9449458,False,,,,,False,none
1760262867.041148,False,,,,,False,none
1760262867.1273859,False,,,,,False,none
1760262867.2109876,False,,,,,False,none
1760262867.286629,False,,,,,False,none
1760262867.3696067,False,,,,,False,none
1760262867.4426212,False,,,,,False,none
1760262867.5257607,True,,,,,False,none
1760262867.6074264,True,,,,,False,none
1760262867.68321,True,,,,,False,none
1760262867.763224,True,,,,,False,none
1760262867.8361907,True,,,,,False,none
1760262867.924795,True,,,,,False,none
1760262868.000086,True,,,,,False,none
1760262868.0892673,True,,,,,False,none
1760262868.1614141,True,,,,,False,none
1760262868.2377808,True,,,,,False,none
1760262868.326118,True,,,,,False,none
1760262868.416909,True,,,,,False,none
1760262868.5111828,True,,,,,False,none
1760262868.596968,True,,,,,False,none
1760262868.6835926,False,,,,,False,none
1760262868.7577841,False,,,,,False,none
1760262868.853583,False,,,,,False,none
1760262868.9332073,False,,,,,False,none
1760262869.0114763,False,,,,,False,none
1760262869.086731,False,,,,,False,none
1760262869.175366,False,,,,,False,none
1760262869.2578638,False,,,,,False,none
1760262869.3438764,False,,,,,False,none
1760262869.4235356,False,,,,,False,none
1760262869.50263,False,,,,,False,none
1760262869.5865717,False,,,,,False,none
1760262869.6611922,False,,,,,False,none
1760262869.7318969,False,,,,,False,none
1760262869.8111057,False,,,,,False,none
1760262869.8966558,False,,,,,False,none
1760262869.9853327,False,,,,,False,none
1760262870.0637488,False,,,,,False,none
1760262870.157172,False,,,,,False,none
1760262870.2525754,False,,,,,False,none
1760262870.341616,False,,,,,False,none
1760262870.4352124,False,,,,,False,none
1760262870.5244012,False,,,,,False,none
1760262870.6098773,False,,,,,False,none
1760262870.6917386,False,,,,,False,none
1760262870.775489,False,,,,,False,none
1760262870.859261,False,,,,,False,none
1760262870.9298253,False,,,,,False,none
1760262870.9976842,False,,,,,False,none
1760262871.065923,False,,,,,False,none
1760262871.151344,False,,,,,False,none
1760262871.2346377,False,,,,,False,none
1760262871.312625,False,,,,,False,none
1760262871.3895392,False,,,,,False,none
1760262871.4568381,True,,,,,False,none
1760262871.5239668,True,,,,,False,none
1760262871.5999212,True,,,,,False,none
1760262871.6836452,True,,,,,False,none
1760262871.760412,True,,,,,False,none
1760262871.8409827,True,,,,,False,none
1760262871.9250176,True,,,,,False,none
1760262872.0013273,True,,,,,False,none
1760262872.0721421,True,,,,,False,none
1760262872.1479137,True,,,,,False,none
1760262872.2210238,True,,,,,False,none
1760262872.2961016,True,,,,,False,none
1760262872.3768406,True,,,,,False,none
1760262872.4400432,True,,,,,False,none
1760262872.5022435,True,,,,,False,none
1760262872.5741522,True,,,,,False,none
1760262872.647576,True,,,,,False,none
1760262872.7204254,True,,,,,False,none
1760262872.7975812,True,,,,,False,none
1760262872.8722057,True,,,,,False,none
1760262872.955249,True,,,,,False,none
1760262873.0381298,True,,,,,False,none
1760262873.1272972,True,,,,,False,none
1760262873.2158935,True,,,,,False,none
1760262873.2954206,True,,,,,False,none
1760262873.39137,True,,,,,False,none
1760262873.487807,True,,,,,False,none
1760262873.5692627,True,,,,,False,none
1760262873.6603858,False,,,,,False,none
1760262873.7467532,False,,,,,False,none
1760262873.8353121,False,,,,,False,none
1760262873.9257953,False,,,,,False,none
1760262874.009077,False,,,,,False,none
1760262874.0977435,False,,,,,False,none
1760262874.177957,False,,,,,False,none
1760262874.2628224,False,,,,,False,none
1760262874.3454554,False,,,,,False,none
1760262874.4322538,False,,,,,False,none
1760262874.5132606,False,,,,,False,none
1760262874.5979156,False,,,,,False,none
1760262874.6830683,False,,,,,False,none
1760262874.7682428,False,,,,,False,none
1760262874.8610816,False,,,,,False,none
1760262874.9554539,False,,,,,False,none
1760262875.0509906,False,,,,,False,none
1760262875.1417453,False,,,,,False,none
1760262875.2365043,False,,,,,False,none
1760262875.3148806,False,,,,,False,none
1760262875.398275,False,,,,,False,none
1760262875.4840035,False,,,,,False,none
1760262875.5724702,False,,,,,False,none
1760262875.6565402,False,,,,,False,none
1760262875.743541,False,,,,,False,none
1760262875.8361545,False,,,,,False,none
1760262875.9318326,False,,,,,False,none
1760262876.0237517,False,,,,,False,none
1760262876.105144,False,,,,,False,none
1760262876.194445,False,,,,,False,none
1760262876.282393,False,,,,,False,none
1760262876.369689,False,,,,,False,none
1760262876.455573,False,,,,,False,none
1760262876.5280027,False,,,,,False,none
1760262876.6050403,False,,,,,False,none
1760262876.6912503,False,,,,,False,none
1760262876.783203,False,,,,,False,none
1760262876.8711653,False,,,,,False,none
1760262876.947594,False,,,,,False,none
1760262877.034611,False,,,,,False,none
1760262877.1174467,False,,,,,False,none
1760262877.2145662,False,,,,,False,none
1760262877.3067763,False,,,,,False,none
1760262877.3922431,False,,,,,False,none
1760262877.4822712,False,,,,,False,none
1760262877.5761473,False,,,,,False,none
1760262877.6679873,False,,,,,False,none
1760262877.751772,True,,,,,False,none
1760262877.8472612,True,,,,,False,none
1760262877.9340787,True,,,,,False,none
1760262878.0194392,True,,,,,False,none
1760262878.1103117,True,,,,,False,none
1760262878.2033257,True,,,,,False,none
1760262878.2862065,True,,,,,False,none
1760262878.3692136,True,,,,,False,none
1760262878.4520226,True,,,,,False,none
1760262878.5376801,True,,,,,False,none
1760262878.6258707,True,,,,,False,none
1760262878.7091029,True,,,,,False,none
1760262878.785641,True,,,,,False,none
1760262878.871686,True,,,,,False,none
1760262878.9572072,True,,,,,False,none
1760262879.04756,True,,,,,False,none
1760262879.1463711,True,,,,,False,none
1760262879.2421365,True,,,,,False,none
1760262879.3322117,True,,,,,False,none
1760262879.4145951,True,,,,,False,none
1760262879.502319,True,,,,,False,none
1760262879.5813756,True,,,,,False,none
1760262879.668939,True,,,,,False,none
1760262879.7546234,True,,,,,False,none
1760262879.832809,True,,,,,False,none
1760262879.9255795,True,,,,,False,none
1760262880.0138996,True,,,,,False,none
1760262880.100208,True,,,,,False,none
1760262880.187409,True,,,,,False,none
1760262880.276251,True,,,,,False,none
1760262880.364888,True,,,,,False,none
1760262880.449181,True,,,,,False,none
1760262880.535577,True,,,,,False,none
1760262880.6275783,True,,,,,False,none
1760262880.7210648,True,,,,,False,none
1760262880.8211808,True,,,,,False,none
1760262880.9074757,True,,,,,False,none
1760262880.9910033,True,,,,,False,none
1760262881.0875974,True,,,,,False,none
1760262881.1835537,False,,,,,False,none
1760262881.2667334,False,,,,,False,none
1760262881.3514898,False,,,,,False,none
1760262881.434022,False,,,,,False,none
1760262881.521048,False,,,,,False,none
1760262881.616045,False,,,,,False,none
1760262881.697918,False,,,,,False,none
1760262881.7783425,False,,,,,False,none
1760262881.863399,False,,,,,False,none
1760262881.9531538,False,,,,,False,none
1760262882.044081,False,,,,,False,none
1760262882.1298711,False,,,,,False,none
1760262882.2247164,False,,,,,False,none
1760262882.3153744,False,,,,,False,none
1760262882.394184,False,,,,,False,none
1760262882.4790962,False,,,,,False,none
1760262882.5627458,False,,,,,False,none
1760262882.6474652,True,,,,,False,none
1760262882.7213702,True,,,,,False,none
1760262882.8062158,True,,,,,False,none
1760262882.8937004,True,,,,,False,none
1760262882.9683795,True,,,,,False,none
1760262883.0609593,True,,,,,False,none
1760262883.1443746,True,,,,,False,none
1760262883.224648,True,,,,,False,none
1760262883.306011,True,,,,,False,none
1760262883.3937838,True,,,,,False,none
1760262883.4767506,True,,,,,False,none
1760262883.5509706,True,,,,,False,none
1760262883.642284,True,,,,,False,none
1760262883.7315817,True,,,,,False,none
1760262883.8180895,True,,,,,False,none
1760262883.9027426,True,,,,,False,none
1760262883.9873626,True,,,,,False,none
1760262884.0737305,True,,,,,False,none
1760262884.1646054,True,,,,,False,none
1760262884.259085,False,,,,,False,none
1760262884.3475606,False,,,,,False,none
1760262884.4401448,False,,,,,False,none
1760262884.5269122,False,,,,,False,none
1760262884.6148882,False,,,,,False,none
1760262884.700365,False,,,,,False,none
1760262884.782068,False,,,,,False,none
1760262884.8699796,False,,,,,False,none
1760262884.9593654,False,,,,,False,none
1760262885.0443873,False,,,,,False,none
1760262885.1302266,False,,,,,False,none
1760262885.2131763,False,,,,,False,none
1760262885.299165,False,,,,,False,none
1760262885.385128,False,,,,,False,none
1760262885.469196,False,,,,,False,none
1760262885.5493405,False,,,,,False,none
1760262885.6312113,False,,,,,False,none
1760262885.7168565,False,,,,,False,none
1760262885.7993498,False,,,,,False,none
1760262885.903326,False,,,,,False,none
1760262886.0057054,False,,,,,False,none
1760262886.0893226,False,,,,,False,none
1760262886.1842113,False,,,,,False,none
1760262886.2709827,False,,,,,False,none
1760262886.357875,False,,,,,False,none
1760262886.4466276,False,,,,,False,none
1760262886.52835,False,,,,,False,none
1760262886.6226249,False,,,,,False,none
1760262886.7114766,False,,,,,False,none
1760262886.8037195,False,,,,,False,none
1760262886.8946393,False,,,,,False,none
1760262886.980034,True,,,,,False,none
1760262887.0642734,True,,,,,False,none
1760262887.1536157,True,,,,,False,none
1760262887.244349,True,,,,,False,none
1760262887.3223515,True,,,,,False,none
1760262887.414687,True,,,,,False,none
1760262887.5096927,True,,,,,False,none
1760262887.6026728,True,,,,,False,none
1760262887.6903248,True,,,,,False,none
1760262887.7774708,True,,,,,False,none
1760262887.8644607,True,,,,,False,none
1760262887.9527593,True,,,,,False,none
1760262888.042556,True,,,,,False,none
1760262888.1411624,True,,,,,False,none
1760262888.2260141,True,,,,,False,none
1760262888.3114836,True,,,,,False,none
1760262888.385363,True,,,,,False,none
1760262888.468374,True,,,,,False,none
1760262888.5501099,True,,,,,False,none
1760262888.6374242,True,,,,,False,none
1760262888.7223651,True,,,,,False,none
1760262888.805308,True,,,,,False,none
1760262888.8926473,True,,,,,False,none
1760262888.9783735,True,,,,,False,none
1760262889.064058,True,,,,,False,none
1760262889.15448,True,,,,,False,none
1760262889.239923,True,,,,,False,none
1760262889.3213298,True,,,,,False,none
1760262889.412978,True,,,,,False,none
1760262889.500077,True,,,,,False,none
1760262889.5920439,True,,,,,False,none
1760262889.677652,True,,,,,False,none
1760262889.7712831,True,,,,,False,none
1760262889.8611307,True,,,,,False,none
1760262889.9444735,True,,,,,False,none
1760262890.0278907,True,,,,,False,none
1760262890.1126838,True,,,,,False,none
1760262890.19563,True,,,,,False,none
1760262890.2743206,True,,,,,False,none
1760262890.3582416,True,,,,,False,none
1760262890.4345355,False,,,,,False,none
1760262890.5166473,False,,,,,False,none
1760262890.5978932,False,,,,,False,none
1760262890.671,False,,,,,False,none
1760262890.7537873,False,,,,,False,none
1760262890.8301144,False,,,,,False,none
1760262890.9148057,False,,,,,False,none
1760262890.9893847,False,,,,,False,none
1760262891.0672119,False,,,,,False,none
1760262891.139731,False,,,,,False,none
1760262891.2197218,False,,,,,False,none
1760262891.3023946,False,,,,,False,none
1760262891.3749738,False,,,,,False,none
1760262891.4577348,False,,,,,False,none
1760262891.5468087,False,,,,,False,none
1760262891.6280675,False,,,,,False,none
1760262891.7068486,False,,,,,False,none
1760262891.789907,False,,,,,False,none
1760262891.876948,False,,,,,False,none
1760262891.9645061,False,,,,,False,none
1760262892.0421984,False,,,,,False,none
1760262892.1267653,False,,,,,False,none
1760262892.2015214,False,,,,,False,none
1760262892.2790518,False,,,,,False,none
1760262892.3499272,False,,,,,False,none
1760262892.4337132,False,,,,,False,none
1760262892.5219274,False,,,,,False,none
1760262892.6052651,False,,,,,False,none
1760262892.696765,False,,,,,False,none
1760262892.781319,True,,,,,False,none
1760262892.8674302,True,,,,,False,none
1760262892.9535909,True,,,,,False,none
1760262893.044081,True,,,,,False,none
1760262893.1247754,True,,,,,False,none
1760262893.2057564,True,,,,,False,none
1760262893.2945147,True,,,,,False,none
1760262893.3790727,True,,,,,False,none
1760262893.4657164,True,,,,,False,none
1760262893.5527396,True,,,,,False,none
1760262893.6356497,True,,,,,False,none
1760262893.7257528,False,,,,,False,none
1760262893.811395,False,,,,,False,none
1760262893.8843896,False,,,,,False,none
1760262893.9710808,False,,,,,False,none
1760262894.0715778,False,,,,,False,none
1760262894.1664267,False,,,,,False,none
1760262894.266688,False,,,,,False,none
1760262894.3547845,False,,,,,False,none
1760262894.4446747,False,,,,,False,none
1760262894.5448651,False,,,,,False,none
1760262894.642415,False,,,,,False,none
1760262894.744051,False,,,,,False,none
1760262894.8314004,False,,,,,False,none
1760262894.9313507,False,,,,,False,none
1760262895.0202422,False,,,,,False,none
1760262895.1142309,False,,,,,False,none
1760262895.1982212,False,,,,,False,none
1760262895.2890022,False,,,,,False,none
1760262895.3874943,False,,,,,False,none
1760262895.488299,False,,,,,False,none
1760262895.584108,False,,,,,False,none
1760262895.683937,False,,,,,False,none
1760262895.7664118,False,,,,,False,none
1760262895.8540316,False,,,,,False,none
1760262895.9374955,False,,,,,False,none
1760262896.0233572,False,,,,,False,none
1760262896.1114433,False,,,,,False,none
1760262896.1949089,False,,,,,False,none
1760262896.2765846,False,,,,,False,none
1760262896.3671634,False,,,,,False,none
1760262896.4613817,False,,,,,False,none
1760262896.5532463,False,,,,,False,none
1760262896.641033,False,,,,,False,none
1760262896.7292044,False,,,,,False,none
1760262896.8182912,False,,,,,False,none
1760262896.9010644,False,,,,,False,none
1760262896.9898605,False,,,,,False,none
1760262897.0765643,False,,,,,False,none
1760262897.156401,False,,,,,False,none
1760262897.2417333,False,,,,,False,none
1760262897.330972,False,,,,,False,none
1760262897.4138992,False,,,,,False,none
1760262897.4934676,False,,,,,False,none
1760262897.5758443,False,,,,,False,none
1760262897.670013,False,,,,,False,none
1760262897.7638485,False,,,,,False,none
1760262897.8528109,False,,,,,False,none
1760262897.9422069,False,,,,,False,none
1760262898.0453734,False,,,,,False,none
1760262898.14024,False,,,,,False,none
1760262898.2280397,False,,,,,False,none
